transformer_id,h2,ch4,c2h4,c2h6,c2h2,co,co2,o2,n2,original_fault,iec_fault,iec_code,ratio_c2h2_c2h4,ratio_ch4_h2,ratio_c2h4_c2h6,is_abnormal
1,0,6,2,2,0,,,,,No Fault,Normal,,,,,0
2,0,25,13,9,0,,,,,No Fault,Normal,,0.0,,1.4444,0
3,0,35,37,31,0,,,,,No Fault,Normal,,0.0,,1.1935,0
4,0,44,28,85,0,,,,,No Fault,异常-未明类,,0.0,,0.3294,1
5,251,139,256,123,1064,,,,,Electrical Fault,低能放电,2-0-1,4.1562,0.5538,2.0813,1
6,33,4,21,20,0.001,154,,,,NA,Normal,0-0-1,0.0,0.1212,1.05,0
7,37,3,21,29,0.001,180,,,,NA,Normal,0-1-0,0.0,0.0811,0.7241,0
8,1176,3426,2931,1178,0.001,534,,,,NA,中温过热300~700℃,0-2-1,0.0,2.9133,2.4881,1
9,66,11,61,50,0.001,554,,,,NA,Normal,0-0-1,0.0,0.1667,1.22,0
10,34,11,21,1,0.001,121,,,,NA,Normal,0-0-2,0.0,0.3235,21.0,0
11,38,4,41,1,0.001,341,,,,NA,Normal,0-0-2,0.0,0.1053,41.0,0
12,31,5,62,2,0.001,420,,,,NA,Normal,0-0-2,0.0,0.1613,31.0,0
13,22,8,55,4,0.001,337,,,,NA,Normal,0-0-2,0.0,0.3636,13.75,0
14,7,12,107,6,0.001,565,,,,NA,Normal,0-2-2,0.0,1.7143,17.8333,0
15,31,25,81,3,0.001,462,,,,NA,Normal,0-0-2,0.0,0.8065,27.0,0
16,6,6,4,22,0.001,149,,,,NA,Normal,0-2-0,0.0003,1.0,0.1818,0
17,10,7,2,5,0,,,,,No Fault,Normal,0-0-0,0.0,0.7,0.4,0
18,13,11,3,26,0,,,,,No Fault,Normal,0-0-0,0.0,0.8462,0.1154,0
19,48,24,12,63,14,,,,,No Fault,电弧放电,1-0-0,1.1667,0.5,0.1905,1
20,335,246,1324,150,1123,,,,,Electrical Fault,电弧放电,1-0-2,0.8482,0.7343,8.8267,1
21,0,1,5,0,0,,,,,No Fault,Normal,,,,,0
22,0,7,11,14,0,,,,,No Fault,Normal,,0.0,,0.7857,0
23,0,64,150,99,0,,,,,No Fault,异常-未明类,,0.0,,1.5152,1
24,218,744,1743,264,7,,,,,Thermal Fault,高温过热>700℃,0-2-2,0.004,3.4128,6.6023,1
25,5,44,4,9,0,,,,,No Fault,Normal,0-2-0,0.0,8.8,0.4444,0
26,6,42,10,9,0,,,,,No Fault,Normal,0-2-1,0.0,7.0,1.1111,0
27,6,44,12,10,0,,,,,No Fault,Normal,0-2-1,0.0,7.3333,1.2,0
28,7,56,12,10,0,,,,,No Fault,Normal,0-2-1,0.0,8.0,1.2,0
29,628,1381,1873,351,2.8,,,,,Thermal Fault,高温过热>700℃,0-2-2,0.0015,2.199,5.3362,1
30,5,3,1,2,0,,,0.2,0.2,NA,Normal,,,,,0
31,9,19,13,2,10,,,0.2,0.2,NA,电弧放电兼过热,1-2-2,0.7692,2.1111,6.5,1
32,7,31,1,1,1,,,0.2,0.2,NA,Normal,1-2-1,1.0,4.4286,1.0,0
33,8,9,12,0,1,,,0.2,0.2,NA,Normal,,0.0833,1.125,,0
34,9,13,25,4,2,,,0.2,0.2,NA,Normal,0-2-2,0.08,1.4444,6.25,0
35,7,27,0,0,0,,,0.2,0.2,NA,Normal,,,3.8571,,0
36,5,269,399,51,2,,,0.2,0.2,NA,高温过热>700℃,0-2-2,0.005,53.8,7.8235,1
37,6,196,388,85,3,,,0.2,0.2,NA,高温过热>700℃,0-2-2,0.0077,32.6667,4.5647,1
38,5,46,165,40,8,,,0.2,0.2,NA,高温过热>700℃,0-2-2,0.0485,9.2,4.125,1
39,6,19,108,17,0,,,0.2,0.2,NA,Normal,0-2-2,0.0,3.1667,6.3529,0
40,7,24,57,11,0,,,0.2,0.2,NA,Normal,0-2-2,0.0,3.4286,5.1818,0
41,9,14,93,6,3,,,0.2,0.2,NA,Normal,0-2-2,0.0323,1.5556,15.5,0
42,11,29,59,6,1,,,0.2,0.2,NA,Normal,0-2-2,0.0169,2.6364,9.8333,0
43,8,91,198,32,1,,,0.2,0.2,NA,高温过热>700℃,0-2-2,0.0051,11.375,6.1875,1
44,9,269,399,51,2,,,0.2,0.2,NA,高温过热>700℃,0-2-2,0.005,29.8889,7.8235,1
45,8,196,388,85,3,,,0.2,0.2,NA,高温过热>700℃,0-2-2,0.0077,24.5,4.5647,1
46,10,46,165,40,8,,,0.2,0.2,NA,高温过热>700℃,0-2-2,0.0485,4.6,4.125,1
47,47.2,27.4,28.5,0.1,0.1,150,,,,NA,Normal,0-0-2,0.0035,0.5805,285.0,0
48,4.2,1.5,2.18,0.57,0.03,150,,,,NA,Normal,,,,,0
49,1,3.76,1,12.9,0.7,45,,,,NA,Normal,1-2-0,0.7,3.76,0.0775,0
50,2.1,83.5,49.9,51.3,0.9,30,,,,NA,低温过热150~300℃,0-2-0,0.018,39.7619,0.9727,1
51,111,100.1,100.6,37,4.3,100,,,,NA,异常-未明类,0-0-1,0.0427,0.9018,2.7189,1
52,19.1,72.7,91.5,33.2,24.7,170,,,,NA,电弧放电兼过热,1-2-1,0.2699,3.8063,2.756,1
53,19.1,111.9,111.6,3.4,1.1,170,,,,NA,高温过热>700℃,0-2-2,0.0099,5.8586,32.8235,1
54,12.9,329,329,7.4,0.6,240,,,,NA,高温过热>700℃,0-2-2,0.0018,25.5039,44.4595,1
55,31.9,25.9,157,15.1,1.1,240,,,,NA,高温过热>700℃,0-0-2,0.007,0.8119,10.3974,1
56,68.2,211.7,229.4,56.4,4.7,180,,,,NA,高温过热>700℃,0-2-2,0.0205,3.1041,4.0674,1
57,71.4,178.3,461,93.9,2.1,30,,,,NA,高温过热>700℃,0-2-2,0.0046,2.4972,4.9095,1
58,71.1,144,461.6,93.2,2.1,30,,,,NA,高温过热>700℃,0-2-2,0.0045,2.0253,4.9528,1
59,105.5,313.9,619.9,119.2,1.3,150,,,,NA,高温过热>700℃,0-2-2,0.0021,2.9754,5.2005,1
60,42.1,80.7,91.2,21,1,80,,,,NA,高温过热>700℃,0-2-2,0.011,1.9169,4.3429,1
61,31.3,23.5,466.8,58.9,3.1,360,,,,NA,高温过热>700℃,0-0-2,0.0066,0.7508,7.9253,1
62,115.1,313.1,289.9,58.7,3.2,360,,,,NA,高温过热>700℃,0-2-2,0.011,2.7202,4.9387,1
63,15.9,147.9,257.1,4.8,1.4,370,,,,NA,高温过热>700℃,0-2-2,0.0054,9.3019,53.5625,1
64,4.9,169.9,316.6,66.8,0.4,330,,,,NA,高温过热>700℃,0-2-2,0.0013,34.6735,4.7395,1
65,26.7,320.1,562.6,163,1.2,460,,,,NA,高温过热>700℃,0-2-2,0.0021,11.9888,3.4515,1
66,14.5,734,1398.7,227.6,5.8,1860,,,,NA,高温过热>700℃,0-2-2,0.0041,50.6207,6.1454,1
67,18,41,20,13,0,,,,,NA,Normal,0-2-1,0.0,2.2778,1.5385,0
68,17,44,35,15,0.5,,,,,NA,Normal,0-2-1,0.0143,2.5882,2.3333,0
69,16,44,71,15,0.6,,,,,NA,Normal,0-2-2,0.0085,2.75,4.7333,0
70,15,43,72,15,0.6,,,,,NA,Normal,0-2-2,0.0083,2.8667,4.8,0
71,17,44,75,17,0.7,,,,,NA,Normal,0-2-2,0.0093,2.5882,4.4118,0
72,16,44,80,17,0.7,,,,,NA,Normal,0-2-2,0.0087,2.75,4.7059,0
73,20,43,81,17,1.4,,,,,NA,Normal,0-2-2,0.0173,2.15,4.7647,0
74,0,35,28,23,0,,,,,NA,Normal,,0.0,,1.2174,0
75,0,27,13,0,0,,,,,NA,Normal,,0.0,,,0
76,0,27,0,0,0,,,,,NA,Normal,,,,,0
77,28,28,0,18,0,,,,,NA,Normal,,,1.0,0.0,0
78,0,95,23,147,0,,,,,NA,异常-未明类,,0.0,,0.1565,1
79,0,43,0,19,0,,,,,NA,Normal,,,,0.0,0
80,56,126,19,66,0,,,,,NA,低温过热150~300℃,0-2-0,0.0,2.25,0.2879,1
81,70,158,24,86,0,,,,,NA,低温过热150~300℃,0-2-0,0.0,2.2571,0.2791,1
82,0,19,0,19,0,,,,,NA,Normal,,,,0.0,0
83,0,0,0,21,0,,,,,NA,Normal,,,,0.0,0
84,0,230,49,0,0,,,,,NA,异常-未明类,,0.0,,,1
85,0,159,67,154,0,,,,,NA,异常-未明类,,0.0,,0.4351,1
86,0,343,457,239,0,,,,,NA,异常-未明类,,0.0,,1.9121,1
87,0,414,508,276,0,,,,,NA,异常-未明类,,0.0,,1.8406,1
88,336,1568,1728,579,2,,,,,NA,中温过热300~700℃,0-2-1,0.0012,4.6667,2.9845,1
89,582,2398,2960,753,4,,,,,NA,高温过热>700℃,0-2-2,0.0014,4.1203,3.9309,1
90,116,382,367,185,4,354,2102,25,49,NA,中温过热300~700℃,0-2-1,0.0109,3.2931,1.9838,1
91,1227,2445,2667,993,8,345,2559,150,50,NA,中温过热300~700℃,0-2-1,0.003,1.9927,2.6858,1
92,2031,149,3,20,0.001,,,,,NA,局部放电,0-1-0,0.0003,0.0734,0.15,1
93,56,61,32,75,31,,,,,NA,电弧放电兼过热,1-2-0,0.9688,1.0893,0.4267,1
94,57,24,27,2,30,,,,,NA,电弧放电,1-0-2,1.1111,0.4211,13.5,1
95,12,18,4,4,0.001,,,,,NA,Normal,0-2-1,0.0003,1.5,1.0,0
96,19,47,62,27,0.001,,,,,NA,Normal,0-2-1,0.0,2.4737,2.2963,0
97,56,286,28,96,7,,,,,NA,电弧放电兼过热,1-2-0,0.25,5.1071,0.2917,1
98,100,120,50,65,1,350,2500,,,NA,低温过热150~300℃,0-2-0,0.02,1.2,0.7692,1
99,5.63e-21,0.1683,0.954,0.0398,,1.02e-34,,,,NA,Normal,,,,,0
100,169,569,549,252,0.8,1278,252,,,NA,中温过热300~700℃,0-2-1,0.0015,3.3669,2.1786,1
101,197,57,8,159,0,316,990,,,NA,低温过热<150℃,0-0-0,0.0,0.2893,0.0503,1
102,3.37,1.33,3.98,1.99,1.22,14.21,,,,NA,Normal,1-0-1,0.3065,0.3947,2.0,0
103,4.475,4.215,4.945,5.87,5.385,28.47,,,,NA,电弧放电,1-0-0,1.089,0.9419,0.8424,1
104,14.125,10.81,11.48,13.725,11.28,69.985,,,,NA,电弧放电,1-0-0,0.9826,0.7653,0.8364,1
105,114.37,63.39,59.29,49.82,58.72,434.7,,,,NA,电弧放电,1-0-1,0.9904,0.5543,1.1901,1
106,480.63,530.61,578.1,576.51,592.2,1835.98,,,,NA,电弧放电兼过热,1-2-1,1.0244,1.104,1.0028,1
107,140,40,15,70,2,600,3400,,,NA,Normal,1-0-0,0.1333,0.2857,0.2143,0
108,0,0,0,0,0,4.3,64.1,,,NA,Normal,,,,,0
109,965,672,791,67,753,141,1769,,,NA,电弧放电,1-0-2,0.952,0.6964,11.806,1
110,936.5,1032,1172,90.4,1413,0,470,,,NA,电弧放电兼过热,1-2-2,1.2056,1.102,12.9646,1
111,747,814,851,63.2,695,42.5,482,,,NA,电弧放电兼过热,1-2-2,0.8167,1.0897,13.4652,1
112,547.1,562.8,733.7,63.7,707.6,18,469.8,,,NA,电弧放电兼过热,1-2-2,0.9644,1.0287,11.5181,1
113,71.3,57.3,59.5,4.4,68.6,8.2,262.7,,,NA,电弧放电,1-0-2,1.1529,0.8036,13.5227,1
114,55,70,68,30,1,150,1500,,,NA,中温过热300~700℃,0-2-1,0.0147,1.2727,2.2667,1
115,20,70,20,10,1,280,1400,,,NA,Normal,0-2-1,0.05,3.5,2.0,0
116,160,200,380,91,21,612,1100,,,NA,高温过热>700℃,0-2-2,0.0553,1.25,4.1758,1
117,80,200,60,40,0,1650,4000,,,NA,中温过热300~700℃,0-2-1,0.0,2.5,1.5,1
118,40,40,70,15,0,1200,2700,,,NA,Normal,0-2-2,0.0,1.0,4.6667,0
119,35,100,60,20,0,140,900,,,NA,高温过热>700℃,0-2-2,0.0,2.8571,3.0,1
120,156,134,291,94,22,1400,1800,,,NA,高温过热>700℃,0-0-2,0.0756,0.859,3.0957,1
121,100,270,350,60,0,250,1500,,,NA,高温过热>700℃,0-2-2,0.0,2.7,5.8333,1
122,115,240,360,80,1,1300,5000,,,NA,高温过热>700℃,0-2-2,0.0028,2.087,4.5,1
123,100,250,270,75,0,310,1600,,,NA,高温过热>700℃,0-2-2,0.0,2.5,3.6,1
124,1300,1200,370,630,200,790,2800,,,NA,电弧放电,1-0-0,0.5405,0.9231,0.5873,1
125,80,80,140,60,0,600,3000,,,NA,中温过热300~700℃,0-2-1,0.0,1.0,2.3333,1
126,200,240,100,130,65,612,2250,,,NA,电弧放电兼过热,1-2-0,0.65,1.2,0.7692,1
127,700,95,50,38,125,500,4550,,,NA,电弧放电,1-0-1,2.5,0.1357,1.3158,1
128,45,120,20,80,1,1100,5100,,,NA,低温过热150~300℃,0-2-0,0.05,2.6667,0.25,1
129,180,300,400,70,0,500,1100,,,NA,高温过热>700℃,0-2-2,0.0,1.6667,5.7143,1
130,40,8,50,40,1,2700,3500,,,NA,Normal,0-0-1,0.02,0.2,1.25,0
131,152,140,282,95,67,610,11000,,,NA,电弧放电,1-0-1,0.2376,0.9211,2.9684,1
132,800,70,55,70,15,500,5100,,,NA,电弧放电,1-1-0,0.2727,0.0875,0.7857,1
133,20,40,90,10,0,70,900,,,NA,Normal,0-2-2,0.0,2.0,9.0,0
134,60,120,230,70,0,1080,5580,,,NA,高温过热>700℃,0-2-2,0.0,2.0,3.2857,1
135,10,15,60,80,0,700,4600,,,NA,低温过热150~300℃,0-2-0,0.0,1.5,0.75,1
136,21,124,183,45,5,,,,,NA,高温过热>700℃,0-2-2,0.0273,5.9048,4.0667,1
137,1570,1110,1780,175,1830,,,,,NA,电弧放电,1-0-2,1.0281,0.707,10.1714,1
138,3420,7870,6990,1500,33,,,,,NA,高温过热>700℃,0-2-2,0.0047,2.3012,4.66,1
139,109,42,40,5,14,,,,,NA,电弧放电,1-0-2,0.35,0.3853,8.0,1
140,63,7.4,17,1.8,6.2,,,,,NA,电弧放电,1-0-2,0.3647,0.1175,9.4444,1
141,835,76,10,29,16,,,,,NA,电弧放电,1-1-0,1.6,0.091,0.3448,1
142,217,286,458,14,884,,,,,NA,电弧放电兼过热,1-2-2,1.9301,1.318,32.7143,1
143,41,112,254,0,4536,,,,,NA,异常-未明类,,17.8583,2.7317,,1
144,105,10,11,1,43,,,,,NA,低能放电,2-1-2,3.9091,0.0952,11.0,1
145,173,334,813,172,3737,,,,,NA,低能放电兼过热,2-2-2,4.5966,1.9306,4.7267,1
146,34,39,40,9,9,,,,,NA,电弧放电兼过热,1-2-2,0.225,1.1471,4.4444,1
147,72,532,85,16,98,,,,,NA,电弧放电兼过热,1-2-2,1.1529,7.3889,5.3125,1
148,60,5,21,2,21,,,,,NA,电弧放电,1-1-2,1.0,0.0833,10.5,1
149,441,207,224,43,261,,,,,NA,电弧放电,1-0-2,1.1652,0.4694,5.2093,1
150,240,28,26,6,85,,,,,NA,低能放电,2-0-2,3.2692,0.1167,4.3333,1
151,39,1.7,0.1,0.6,0.1,,,,,NA,Normal,1-1-0,1.0,0.0436,0.1667,0
152,95,10,11,1,39,,,,,NA,低能放电,2-0-2,3.5455,0.1053,11.0,1
153,495,1775,2438,276,2,293,,,,NA,高温过热>700℃,0-2-2,0.0008,3.5859,8.8333,1
154,80,619,2480,326,1,268,,,,NA,高温过热>700℃,0-2-2,0.0004,7.7375,7.6074,1
155,21,24,98,23,1,159,,,,NA,Normal,0-2-2,0.0102,1.1429,4.2609,0
156,231,3997,5584,1726,1,0,,,,NA,高温过热>700℃,0-2-2,0.0002,17.303,3.2352,1
157,127,24,32,1,81,0,,,,NA,电弧放电,1-0-2,2.5312,0.189,32.0,1
158,2,7,1,1,1,0,,,,NA,Normal,1-2-1,1.0,3.5,1.0,0
159,217,286,458,14,884,176,,,,NA,电弧放电兼过热,1-2-2,1.9301,1.318,32.7143,1
160,54,1,4,1,1,106,,,,NA,Normal,1-1-2,0.25,0.0185,4.0,0
161,246,43,21,1,53,218,,,,NA,电弧放电,1-0-2,2.5238,0.1748,21.0,1
162,9474,4066,6552,353,12.997,553,,,,NA,高温过热>700℃,0-0-2,0.002,0.4292,18.5609,1
163,507,1053,1440,297,17,22,,,,NA,高温过热>700℃,0-2-2,0.0118,2.0769,4.8485,1
164,416,695,867,74,1,200,,,,NA,高温过热>700℃,0-2-2,0.0012,1.6707,11.7162,1
165,47,12,8,8,1,115,,,,NA,Normal,1-0-1,0.125,0.2553,1.0,0
166,441,207,224,43,261,161,,,,NA,电弧放电,1-0-2,1.1652,0.4694,5.2093,1
167,18.9,46.9,61.54,6.9,1,371,,,,NA,Normal,0-2-2,0.0162,2.4815,8.9188,0
168,116.6,623,1683.5,416,2.87,317,,,,NA,高温过热>700℃,0-2-2,0.0017,5.3431,4.0469,1
169,200,700,740,250,1,,,,,NA,中温过热300~700℃,0-2-1,0.0014,3.5,2.96,1
170,300,490,360,180,95,,,,,NA,电弧放电兼过热,1-2-1,0.2639,1.6333,2.0,1
171,56,61,32,75,31,,,,,NA,电弧放电兼过热,1-2-0,0.9688,1.0893,0.4267,1
172,33,26,5.3,6,0.2,,,,,NA,Normal,0-0-0,0.0377,0.7879,0.8833,0
173,136.74,208.69,291.91,227.03,259.52,728.46,,,,NA,电弧放电兼过热,1-2-1,0.889,1.5262,1.2858,1
174,94.01,122.1,17.11,149.31,165.42,379.23,,,,NA,低能放电兼过热,2-2-0,9.668,1.2988,0.1146,1
175,56.29,22.43,23.6,22.64,24.39,216.86,,,,NA,电弧放电,1-0-1,1.0335,0.3985,1.0424,1
176,24.64,12.12,11.9,9.46,12.15,84.38,,,,NA,电弧放电,1-0-1,1.021,0.4919,1.2579,1
177,16.99,6.17,6.08,10,5.91,50.23,,,,NA,电弧放电,1-0-0,0.972,0.3632,0.608,1
178,3.2,2.59,1.79,1.35,1.8,25.06,,,,NA,Normal,1-0-1,1.0056,0.8094,1.3259,0
179,19.3,103,19,159,0.6,,,,,NA,低温过热150~300℃,0-2-0,0.0316,5.3368,0.1195,1
180,27,30,2.4,23,0.1,,,,,NA,Normal,0-2-0,0.0417,1.1111,0.1043,0
181,23,63,10,54,0.3,,,,,NA,Normal,0-2-0,0.03,2.7391,0.1852,0
182,21,34,5,5,62,,,,,NA,低能放电兼过热,2-2-1,12.4,1.619,1.0,1
183,160,130,96,33,0.1,,,,,NA,异常-未明类,0-0-1,0.001,0.8125,2.9091,1
184,180,175,50,75,4,,,,,NA,低温过热<150℃,0-0-0,0.08,0.9722,0.6667,1
185,345,112.3,51.5,27.5,58.8,,,,,NA,电弧放电,1-0-1,1.1417,0.3255,1.8727,1
186,30.4,117,138,44.2,0.1,,,,,NA,高温过热>700℃,0-2-2,0.0007,3.8487,3.1222,1
187,130,140,120,24,0,,,,,NA,高温过热>700℃,0-2-2,0.0,1.0769,5.0,1
188,3675,6392,7691,2500,5,,,,,NA,高温过热>700℃,0-2-2,0.0007,1.7393,3.0764,1
189,119,670,934,286,19,,,,,NA,高温过热>700℃,0-2-2,0.0203,5.6303,3.2657,1
190,119,8,0,20,21,,,,,NA,异常-未明类,,,0.0672,0.0,1
191,130,98,56,7,65,,,,,NA,电弧放电,1-0-2,1.1607,0.7538,8.0,1
192,235,16,35,0,0,,,,,NA,异常-未明类,,0.0,0.0681,,1
193,85,22,10,10,0,,,,,NA,Normal,0-0-1,0.0,0.2588,1.0,0
194,36,5,9,10,7,,,,,NA,电弧放电,1-0-0,0.7778,0.1389,0.9,1
195,185,93,112,44,0,,,,,NA,异常-未明类,0-0-1,0.0,0.5027,2.5455,1
196,39,299,173,762,0,,,,,NA,低温过热150~300℃,0-2-0,0.0,7.6667,0.227,1
197,358,14,1,5,0,,,,,NA,局部放电,0-1-0,0.0,0.0391,0.2,1
198,106,4,2,4,2,,,,,NA,Normal,1-1-0,1.0,0.0377,0.5,0
199,3282,154,231,7,0,,,,,NA,高温过热>700℃,0-1-2,0.0,0.0469,33.0,1
200,9,9,42,8,142,,,,,NA,低能放电兼过热,2-2-2,3.381,1.0,5.25,1
201,58,568,1440,471,0,,,,,NA,高温过热>700℃,0-2-2,0.0,9.7931,3.0573,1
202,274,141,240,72,0,,,,,NA,高温过热>700℃,0-0-2,0.0,0.5146,3.3333,1
203,27,0,57,25,95,,,,,NA,电弧放电,1-1-1,1.6667,0.0,2.28,1
204,14,10,37,16,74,,,,,NA,电弧放电,1-0-1,2.0,0.7143,2.3125,1
205,47,8,0,11,0,,,,,NA,Normal,,,0.1702,0.0,0
206,0,32,0,105,2,,,,,NA,Normal,,,,0.0,0
207,68,0,1,3,0,,,,,NA,Normal,0-1-0,0.0,0.0,0.3333,0
208,68,0,6,2,0,,,,,NA,Normal,0-1-2,0.0,0.0,3.0,0
209,0,71,2,145,0,,,,,NA,异常-未明类,,0.0,,0.0138,1
210,26,26,0,56,0,,,,,NA,Normal,,,1.0,0.0,0
211,40,73,21,83,0,,,,,NA,低温过热150~300℃,0-2-0,0.0,1.825,0.253,1
212,23,9,0,0,0,,,,,NA,Normal,,,0.3913,,0
213,0,2,0,0,5,,,,,NA,Normal,,,,,0
214,16,46,0,98,0,,,,,NA,Normal,,,2.875,0.0,0
215,25,8,0,13,0,,,,,NA,Normal,,,0.32,0.0,0
216,0,0,35,0,0,,,,,NA,Normal,,0.0,,,0
217,9,28,0,34,0,,,,,NA,Normal,,,3.1111,0.0,0
218,0,273,338,193,0,,,,,NA,异常-未明类,,0.0,,1.7513,1
219,34,151,6,323,0,,,,,NA,低温过热150~300℃,0-2-0,0.0,4.4412,0.0186,1
220,36,168,7,354,0,,,,,NA,低温过热150~300℃,0-2-0,0.0,4.6667,0.0198,1
221,50,180,6,368,0,,,,,NA,低温过热150~300℃,0-2-0,0.0,3.6,0.0163,1
222,100,121,7,170,0,,,,,NA,低温过热150~300℃,0-2-0,0.0,1.21,0.0412,1
223,46,257,10,378,0,,,,,NA,低温过热150~300℃,0-2-0,0.0,5.587,0.0265,1
224,46,229,37,690,0,,,,,NA,低温过热150~300℃,0-2-0,0.0,4.9783,0.0536,1
225,109,108,29,166,10,,,,,NA,电弧放电,1-0-0,0.3448,0.9908,0.1747,1
226,22,247,4,881,2,,,,,NA,电弧放电兼过热,1-2-0,0.5,11.2273,0.0045,1
227,24,302,0,917,3,,,,,NA,异常-未明类,,,12.5833,0.0,1
228,21,237,4,926,0,,,,,NA,低温过热150~300℃,0-2-0,0.0,11.2857,0.0043,1
229,7,551,1083,128,0,,,,,NA,高温过热>700℃,0-2-2,0.0,78.7143,8.4609,1
230,36,8,51,3,60,,,,,NA,电弧放电,1-0-2,1.1765,0.2222,17.0,1
231,22.4,22.4,13.44,2.69,1.57,112,,,,NA,Normal,1-2-2,0.1168,1.0,4.9963,0
232,0.67,0.224,0.067,0.045,0.002,11.2,,,,NA,Normal,,,,,0
233,1,27,4,49,1,254,,,,NA,Normal,1-2-0,0.25,27.0,0.0816,0
234,595,80,89,9,244,2100,,,,NA,电弧放电,1-0-2,2.7416,0.1345,9.8889,1
235,260,215,334,35,277,416,,,,NA,电弧放电,1-0-2,0.8293,0.8269,9.5429,1
236,2240,157,157,90,45,67,,,,NA,电弧放电,1-1-1,0.2866,0.0701,1.7444,1
237,21,14,90,191,0,,,,,NA,低温过热<150℃,0-0-0,0.0,0.6667,0.4712,1
238,18,35,110,2,0,,,,,NA,Normal,0-2-2,0.0,1.9444,55.0,0
239,407,28,21,15,0,,,,,NA,异常-未明类,0-1-1,0.0,0.0688,1.4,1
240,119,8,0,20,21,,,,,NA,异常-未明类,,,0.0672,0.0,1
241,48,20,41,69,31,,,,,NA,电弧放电,1-0-0,0.7561,0.4167,0.5942,1
242,1667,146,1,55,0,688,,,,NA,局部放电,0-1-0,0.0,0.0876,0.0182,1
243,432,184,259,20,421,291,,,,NA,电弧放电,1-0-2,1.6255,0.4259,12.95,1
244,200,54,41,21,130,550,,,,NA,低能放电,2-0-1,3.1707,0.27,1.9524,1
245,130,65,110,40,40,210,145,,,NA,电弧放电,1-0-1,0.3636,0.5,2.75,1
246,750,250,300,950,190,210,2163,,,NA,电弧放电,1-0-0,0.6333,0.3333,0.3158,1
247,348,11646,46976,9901,407,,1322,,,NA,高温过热>700℃,0-2-2,0.0087,33.4655,4.7446,1
248,110,69,39,44,26,23,119,,,NA,电弧放电,1-0-0,0.6667,0.6273,0.8864,1
249,750,43,50,40,145,148,,,,NA,电弧放电,1-1-1,2.9,0.0573,1.25,1
250,39,10,6,3,0.5,,,,,NA,Normal,0-0-1,0.0833,0.2564,2.0,0
251,5,1,5,1,0.5,,,,,NA,Normal,,,,,0
252,6,1,4,1,0.5,,,,,NA,Normal,,,,,0
253,6,17,17,10,0.5,,,,,NA,Normal,0-2-1,0.0294,2.8333,1.7,0
254,7,138,50,32,2.5,,,,,NA,中温过热300~700℃,0-2-1,0.05,19.7143,1.5625,1
255,11,4,9,7,0.5,,,,,NA,Normal,0-0-1,0.0556,0.3636,1.2857,0
256,5,3,17,6,0.5,,,,,NA,Normal,0-0-1,0.0294,0.6,2.8333,0
257,29,1,18,25,0.5,,,,,NA,Normal,0-1-0,0.0278,0.0345,0.72,0
258,5,30,21,12,0.5,,,,,NA,Normal,0-2-1,0.0238,6.0,1.75,0
259,7,171,327,106,0.5,,,,,NA,高温过热>700℃,0-2-2,0.0015,24.4286,3.0849,1
260,5,13,10,9,0.5,,,,,NA,Normal,0-2-1,0.05,2.6,1.1111,0
261,6,79,27,137,0.5,,,,,NA,低温过热150~300℃,0-2-0,0.0185,13.1667,0.1971,1
262,16,12,28,6,29,,,,,NA,电弧放电,1-0-2,1.0357,0.75,4.6667,1
263,5,2,6,12,0.5,,,,,NA,Normal,0-0-0,0.0833,0.4,0.5,0
264,688,35,18,14,0.5,,,,,NA,异常-未明类,0-1-1,0.0278,0.0509,1.2857,1
265,524,91,96,46,0.5,,,,,NA,异常-未明类,0-0-1,0.0052,0.1737,2.087,1
266,1120,111,117,27,4.5,,,,,NA,高温过热>700℃,0-1-2,0.0385,0.0991,4.3333,1
267,5,10,7,8,0.5,,,,,NA,Normal,0-2-0,0.0714,2.0,0.875,0
268,7,61,18,63,0.5,,,,,NA,Normal,0-2-0,0.0278,8.7143,0.2857,0
269,5,2,2,2,0.5,,,,,NA,Normal,,,,,0
270,5,4,63,160,2,,,,,NA,低温过热<150℃,0-0-0,0.0317,0.8,0.3937,1
271,7225,121,160,8,1797,,,,,NA,低能放电,2-1-2,11.2312,0.0167,20.0,1
272,10,18,21,84,16,,,,,NA,电弧放电兼过热,1-2-0,0.7619,1.8,0.25,1
273,1866,64,111,112,1265,,,,,NA,低能放电,2-1-0,11.3964,0.0343,0.9911,1
274,2845,7406,16684,5467,7,32,1344,5860,27842,NA,高温过热>700℃,0-2-2,0.0004,2.6032,3.0518,1
275,12886,877,4,305,0,83,864,61,25041,NA,局部放电,0-1-0,0.0,0.0681,0.0131,1
276,2820,144,206,11,2190,257,1080,16400,56300,NA,低能放电,2-1-2,10.6311,0.0511,18.7273,1
277,1099,545,6,230,0,184,1402,70,37520,NA,低温过热<150℃,0-0-0,0.0,0.4959,0.0261,1
278,3210,160,4,43,4,360,2130,3570,47900,NA,电弧放电,1-1-0,1.0,0.0498,0.093,1
279,13500,3150,5,1230,1,113,984,343,36500,NA,电弧放电,1-0-0,0.2,0.2333,0.0041,1
280,10200,573,0,162,0,87,611,11900,33700,NA,异常-未明类,,,0.0562,0.0,1
281,3,5,12,2,13,68,902,15459,41347,NA,电弧放电兼过热,1-2-2,1.0833,1.6667,6.0,1
282,16,8,5,8,2,520,2660,2470,59600,NA,Normal,1-0-0,0.4,0.5,0.625,0
283,488,13,29,23,0,85,1957,11861,48353,NA,异常-未明类,0-1-1,0.0,0.0266,1.2609,1
284,4,1,13,0,13,206,1440,26100,60600,NA,异常-未明类,,1.0,0.25,,1
285,4,0,3,0,11,75,655,21800,46200,NA,异常-未明类,,3.6667,0.0,,1
286,254,14,5,9,0,376,2500,592,60300,NA,局部放电,0-1-0,0.0,0.0551,0.5556,1
287,23349,5045,5588,3532,2951,156,48,2475,28011,NA,电弧放电,1-0-1,0.5281,0.2161,1.5821,1
288,9040,1790,7820,638,1450,183,2060,1870,47500,NA,电弧放电,1-0-2,0.1854,0.198,12.2571,1
289,13200,2650,16400,1610,1510,156,2240,1120,32800,NA,高温过热>700℃,0-0-2,0.0921,0.2008,10.1863,1
290,6620,2240,13100,1400,1660,190,1870,5250,51900,NA,电弧放电,1-0-2,0.1267,0.3384,9.3571,1
291,8710,658,1260,97,9740,437,1780,4530,42800,NA,低能放电,2-1-2,7.7302,0.0755,12.9897,1
292,5810,471,798,44,3990,354,1470,11900,51400,NA,低能放电,2-1-2,5.0,0.0811,18.1364,1
293,757,1700,2280,755,12,1730,24900,289,57400,NA,高温过热>700℃,0-2-2,0.0053,2.2457,3.0199,1
294,590,949,828,168,582,209,51,23200,63900,NA,电弧放电兼过热,1-2-2,0.7029,1.6085,4.9286,1
295,1310,1010,2520,376,17,119,2220,2690,51900,NA,高温过热>700℃,0-0-2,0.0067,0.771,6.7021,1
296,122,50,69,31,0,372,2180,294,73100,NA,Normal,0-0-1,0.0,0.4098,2.2258,0
297,106,47,11,30,0,760,4070,581,75200,NA,Normal,0-0-0,0.0,0.4434,0.3667,0
298,95,72,10,36,0,488,3050,1760,80800,NA,Normal,0-0-0,0.0,0.7579,0.2778,0
299,87,47,5,31,0,560,3920,362,76100,NA,Normal,0-0-0,0.0,0.5402,0.1613,0
300,79,72,83,42,0,508,3810,699,75700,NA,异常-未明类,0-0-1,0.0,0.9114,1.9762,1
301,2183,1061,1308,646,2,183,5730,192,43380,NA,异常-未明类,0-0-1,0.0015,0.486,2.0248,1
302,76,45,10,27,0,904,5220,324,71700,NA,Normal,0-0-0,0.0,0.5921,0.3704,0
303,14,0,22,0,0,161,2010,17600,44300,NA,Normal,,0.0,0.0,,0
304,14,12,0,0,0,54,5190,2750,29500,NA,Normal,,,0.8571,,0
305,40,8,9,0,1,538,2480,2350,65000,NA,Normal,,0.1111,0.2,,0
306,5,4,3,0,1,496,2720,9400,37100,NA,Normal,,0.3333,0.8,,0
307,7,0,3,0,1,302,3640,12300,32200,NA,Normal,,0.3333,0.0,,0
308,2390,163,3,53,0,546,2660,9050,44300,NA,局部放电,0-1-0,0.0,0.0682,0.0566,1
309,12880,827,4,320,0,184,2267,1571,36351,NA,局部放电,0-1-0,0.0,0.0642,0.0125,1
310,10700,625,0,190,1,79,660,13100,32700,NA,异常-未明类,,,0.0584,0.0,1
311,921,42,75,3,713,132,542,22000,43400,NA,低能放电,2-1-2,9.5067,0.0456,25.0,1
312,9350,188,228,28,0,451,2720,229,53000,NA,高温过热>700℃,0-1-2,0.0,0.0201,8.1429,1
313,6200,218,103,39,0,492,10600,291,59400,NA,异常-未明类,0-1-1,0.0,0.0352,2.641,1
314,3060,190,68,47,0,403,8930,257,69500,NA,异常-未明类,0-1-1,0.0,0.0621,1.4468,1
315,7907,467,2,249,0,96,1765,3564,24991,NA,局部放电,0-1-0,0.0,0.0591,0.008,1
316,5030,179,0,21,0,38,260,7140,54300,NA,异常-未明类,,,0.0356,0.0,1
317,322,181,170,15,173,614,466,669,56400,NA,电弧放电,1-0-2,1.0176,0.5621,11.3333,1
318,152,254,2250,908,4830,64,1510,21400,49300,NA,电弧放电兼过热,1-2-1,2.1467,1.6711,2.478,1
319,211,148,751,103,3030,118,2300,249900,62600,NA,低能放电,2-0-2,4.0346,0.7014,7.2913,1
320,277,142,802,59,3840,93,2090,21500,46100,NA,低能放电,2-0-2,4.788,0.5126,13.5932,1
321,253,135,57,734,3330,82,1870,17300,43700,NA,低能放电,2-0-0,58.4211,0.5336,0.0777,1
322,216,93,578,36,2830,94,1890,24300,48500,NA,低能放电,2-0-2,4.8962,0.4306,16.0556,1
323,135,33,3,5,0,568,1301,5091,48792,NA,Normal,0-0-0,0.0,0.2444,0.6,0
324,0,4,30,49,67,20,507,219,56900,NA,异常-未明类,,2.2333,,0.6122,1
325,38,11,28,3,19,177,727,3127,16464,NA,电弧放电,1-0-2,0.6786,0.2895,9.3333,1
326,36,101,193,35,0,525,4080,2950,63300,NA,高温过热>700℃,0-2-2,0.0,2.8056,5.5143,1
327,30,161,248,28,0,309,2710,316,54100,NA,高温过热>700℃,0-2-2,0.0,5.3667,8.8571,1
328,52,37,8,21,0,936,6130,387,68400,NA,Normal,0-0-0,0.0,0.7115,0.381,0
329,30,39,17,48,0,140,2690,413,19600,NA,Normal,0-2-0,0.0,1.3,0.3542,0
330,24,41,10,65,0,186,2790,455,21700,NA,Normal,0-2-0,0.0,1.7083,0.1538,0
331,21,32,9,47,0,217,3030,425,33000,NA,Normal,0-2-0,0.0,1.5238,0.1915,0
332,59,20,9,15,0,267,2300,645,56000,NA,Normal,0-0-0,0.0,0.339,0.6,0
333,104,37,11,11,0,357,3220,1450,76500,NA,Normal,0-0-1,0.0,0.3558,1.0,0
334,3,0,10,0,0,108,1480,19700,67600,NA,Normal,,0.0,0.0,,0
335,40,9,17,12,0,84,919,24800,53300,NA,Normal,0-0-1,0.0,0.225,1.4167,0
336,35,6,20,0,0,202,1310,1920,73500,NA,Normal,,0.0,0.1714,,0
337,3,37,10,102,0,234,2800,1900,81300,NA,Normal,0-2-0,0.0,12.3333,0.098,0
338,0,43,4,91,0,68,2770,693,50600,NA,Normal,,0.0,,0.044,0
339,28,16,0,3,0,245,1290,9950,47300,NA,Normal,,,0.5714,0.0,0
340,25,3,0,0,0,267,1180,15500,50700,NA,Normal,,,0.12,,0
341,25,12,4,14,0,317,2750,508,54500,NA,Normal,0-0-0,0.0,0.48,0.2857,0
342,23,16,5,6,0,914,3420,888,74700,NA,Normal,0-0-0,0.0,0.6957,0.8333,0
343,9,2,0,4,0,308,1970,10700,42300,NA,Normal,,,,,0
344,9,10,4,17,0,294,1960,738,56000,NA,Normal,0-2-0,0.0,1.1111,0.2353,0
345,4,22,7,47,0,105,1100,408,38700,NA,Normal,0-2-0,0.0,5.5,0.1489,0
346,8,14,6,22,0,235,1850,1060,55300,NA,Normal,0-2-0,0.0,1.75,0.2727,0
347,7,13,4,15,0,205,1780,376,54700,NA,Normal,0-2-0,0.0,1.8571,0.2667,0
348,7,9,4,15,0,317,2690,425,50500,NA,Normal,0-2-0,0.0,1.2857,0.2667,0
349,7,2,28,0,0,373,3470,15700,46800,NA,Normal,,0.0,0.2857,,0
350,7,10,4,18,0,154,2210,1990,58800,NA,Normal,0-2-0,0.0,1.4286,0.2222,0
351,6,17,7,31,0,277,2200,3760,70200,NA,Normal,0-2-0,0.0,2.8333,0.2258,0
352,5,16,5,22,0,231,2170,378,53100,NA,Normal,0-2-0,0.0,3.2,0.2273,0
353,5,4,7,0,0,296,2750,17400,53400,NA,Normal,,,,,0
354,5,0,10,0,0,149,826,22900,51800,NA,Normal,,0.0,0.0,,0
355,5,0,17,0,0,148,820,20400,42200,NA,Normal,,0.0,0.0,,0
356,4,5,2,6,0,89,876,57,31384,NA,Normal,,,,,0
357,4,2,8,0,0,154,1910,4740,73200,NA,Normal,,,,,0
358,4,0,66,0,0,194,2050,20200,44700,NA,Normal,,0.0,0.0,,0
359,3,0,18,0,0,333,1240,15400,46100,NA,Normal,,0.0,0.0,,0
360,3,0,18,0,0,118,906,20600,42000,NA,Normal,,0.0,0.0,,0
361,3,5,9,11,0,47,623,395,47000,NA,Normal,0-2-0,0.0,1.6667,0.8182,0
362,2,2,3,0,0,106,1040,21500,47500,NA,Normal,,,,,0
363,2,2,55,0,0,297,1780,14700,44200,NA,Normal,,0.0,1.0,,0
364,0,17,6,41,0,305,2200,5640,71800,NA,Normal,,0.0,,0.1463,0
365,0,2,3,7,0,39,1420,21900,48300,NA,Normal,,,,,0
366,0,0,0,0,0,91,1520,21200,44200,NA,Normal,,,,,0
367,0,0,0,0,0,22,399,25900,49700,NA,Normal,,,,,0
368,0,0,0,0,0,66,553,22900,45300,NA,Normal,,,,,0
369,0,3,9,8,0,78,2180,21800,52500,NA,Normal,,,,,0
370,0,13,4,22,0,131,1520,2220,58800,NA,Normal,,0.0,,0.1818,0
371,0,6,8,11,0,266,3530,944,58700,NA,Normal,,0.0,,0.7273,0
372,0,0,0,0,0,47,480,27000,56600,NA,Normal,,,,,0
373,0,0,5,0,0,204,2750,21600,45800,NA,Normal,,,,,0
374,0,0,4,0,0,98,1740,30800,58700,NA,Normal,,,,,0
375,0,0,6,0,0,198,2250,21700,45600,NA,Normal,,,,,0
376,0,0,0,0,0,23,180,8380,30800,NA,Normal,,,,,0
377,0,0,0,0,0,32,525,27300,55500,NA,Normal,,,,,0
378,0,0,0,0,0,53,481,19300,45700,NA,Normal,,,,,0
379,0,0,0,0,0,81,514,24800,45700,NA,Normal,,,,,0
380,0,0,8,0,0,122,856,22000,44900,NA,Normal,,,,,0
381,0,7,3,13,0,148,1960,14300,65700,NA,Normal,,0.0,,0.2308,0
382,18,4,0,7,0,231,1610,17600,51700,NA,Normal,,,0.2222,0.0,0
383,11,7,47,0,0,540,2980,1140,63900,NA,Normal,,0.0,0.6364,,0
384,16,5,5,0,0,548,3170,7340,71000,NA,Normal,,0.0,0.3125,,0
385,12,3,3,8,0,69,2150,461,54500,NA,Normal,0-0-0,0.0,0.25,0.375,0
386,4,36,3,54,0,232,2580,624,44500,NA,Normal,0-2-0,0.0,9.0,0.0556,0
387,114,2,0,0,0,144,707,2359,31861,NA,Normal,,,0.0175,,0
388,1450,157,82,75,0,278,3360,13000,55800,NA,异常-未明类,0-0-1,0.0,0.1083,1.0933,1
389,81,10,0,0,0,852,1371,23790,64479,NA,Normal,,,0.1235,,0
390,67,14,0,5,0,930,4030,5940,41600,NA,Normal,,,0.209,0.0,0
391,1230,61,28,24,0,576,11300,239,71300,NA,异常-未明类,0-1-1,0.0,0.0496,1.1667,1
392,54,8,0,3,0,554,3990,1690,27100,NA,Normal,,,0.1481,0.0,0
393,44,1,0,0,0,133,520,1735,41280,NA,Normal,,,0.0227,,0
394,37,21,10,10,0,888,3690,623,20300,NA,Normal,0-0-1,0.0,0.5676,1.0,0
395,24,5,0,0,0,361,1570,35700,85300,NA,Normal,,,0.2083,,0
396,24,12,3,4,0,771,2960,1330,70800,NA,Normal,0-0-0,0.0,0.5,0.75,0
397,22,3,3,0,0,770,2390,2820,53100,NA,Normal,,0.0,0.1364,,0
398,20,6,0,0,0,307,1960,2170,21300,NA,Normal,,,0.3,,0
399,19,15,2,4,0,184,586,618,20200,NA,Normal,0-0-0,0.0,0.7895,0.5,0
400,8,23,0,5,0,226,4390,10600,61600,NA,Normal,,,2.875,0.0,0
401,8,21,0,4,0,230,5050,8710,71900,NA,Normal,,,2.625,0.0,0
402,7,21,0,2,0,200,4782,4973,56032,NA,Normal,,,3.0,0.0,0
403,10,2,0,0,0,678,2360,3350,51100,NA,Normal,,,0.2,,0
404,9,16,0,3,0,279,2820,909,32800,NA,Normal,,,1.7778,0.0,0
405,7,18,0,4,0,236,2730,8220,55800,NA,Normal,,,2.5714,0.0,0
406,7,8,0,0,0,152,528,647,16900,NA,Normal,,,,,0
407,7,4,0,0,0,221,268,1430,15400,NA,Normal,,,,,0
408,7,2,0,0,0,784,1410,2630,58800,NA,Normal,,,,,0
409,7,2,0,0,0,157,1080,4520,22800,NA,Normal,,,,,0
410,6,13,9,0,0,291,2050,8510,64300,NA,Normal,,0.0,2.1667,,0
411,6,0,0,0,0,411,4160,13300,36900,NA,Normal,,,,,0
412,6,5,0,0,0,893,2640,6080,40900,NA,Normal,,,,,0
413,5,17,3,5,0,269,1880,12300,70900,NA,Normal,0-2-0,0.0,3.4,0.6,0
414,5,3,3,0,0,534,3010,12500,48400,NA,Normal,,,,,0
415,5,5,6,1,0,158,4331,3686,57725,NA,Normal,,,,,0
416,5,0,0,0,0,230,399,15000,44400,NA,Normal,,,,,0
417,4,8,0,4,0,285,4230,279,20000,NA,Normal,,,,,0
418,4,3,0,7,0,443,5890,13600,37500,NA,Normal,,,,,0
419,4,1,0,0,0,408,936,17000,56700,NA,Normal,,,,,0
420,3,0,0,0,0,35,290,20500,44000,NA,Normal,,,,,0
421,3,3,4,0,0,362,2230,17400,56700,NA,Normal,,,,,0
422,3,6,0,0,0,1070,2950,2020,59600,NA,Normal,,,,,0
423,3,0,5,0,0,201,2320,22900,48000,NA,Normal,,,,,0
424,3,0,8,0,0,202,3290,23700,49800,NA,Normal,,,,,0
425,3,0,0,0,0,129,1530,21700,43200,NA,Normal,,,,,0
426,3,0,30,0,0,209,2650,19500,42800,NA,Normal,,0.0,0.0,,0
427,3,0,28,0,0,128,1700,18400,45000,NA,Normal,,0.0,0.0,,0
428,3,0,0,0,0,163,458,14900,56700,NA,Normal,,,,,0
429,3,0,0,0,0,195,283,12000,35800,NA,Normal,,,,,0
430,2,2,0,0,0,19,498,24978,76582,NA,Normal,,,,,0
431,2,4,0,0,0,359,2250,15900,51300,NA,Normal,,,,,0
432,2,3,9,0,0,216,3260,24800,54600,NA,Normal,,,,,0
433,0,0,9,0,0,31,907,24600,50800,NA,Normal,,,,,0
434,0,4,0,0,0,262,845,5010,51800,NA,Normal,,,,,0
435,0,5,0,3,0,297,778,7520,38100,NA,Normal,,,,,0
436,0,4,0,0,0,458,2830,839,20700,NA,Normal,,,,,0
437,0,0,0,0,0,111,417,1565,9555,NA,Normal,,,,,0
438,0,2,10,0,0,223,2650,22200,47200,NA,Normal,,0.0,,,0
439,0,0,7,0,0,249,2510,21800,47300,NA,Normal,,,,,0
440,0,0,5,0,0,205,2190,22900,49800,NA,Normal,,,,,0
441,0,2,6,0,0,209,2190,26600,62500,NA,Normal,,,,,0
442,0,0,0,0,0,118,270,3300,12200,NA,Normal,,,,,0
443,0,0,0,0,0,43,554,1850,61700,NA,Normal,,,,,0
444,0,0,0,0,0,100,609,27200,58900,NA,Normal,,,,,0
445,0,0,0,0,0,51,458,24400,47700,NA,Normal,,,,,0
446,0,0,0,0,0,67,462,25200,50000,NA,Normal,,,,,0
447,11,11,3,5,0,196,1900,478,19400,NA,Normal,0-2-0,0.0,1.0,0.6,0
448,17,16,11,0,0,809,3590,5680,59500,NA,Normal,,0.0,0.9412,,0
449,12,4,5,0,0,413,4720,15200,62800,NA,Normal,,0.0,0.3333,,0
450,12,11,16,8,0,870,11100,4350,65500,NA,Normal,0-0-1,0.0,0.9167,2.0,0
451,178,144,3,10,0,672,2260,4070,27300,NA,低温过热<150℃,0-0-0,0.0,0.809,0.3,1
452,10,2,6,0,2,403,1140,11900,55100,NA,Normal,,0.3333,0.2,,0
453,4,4,4,3,2,597,1440,5040,37600,NA,Normal,1-2-1,0.5,1.0,1.3333,0
454,0,0,0,0,2,52,620,14908,42800,NA,Normal,,,,,0
455,9,35,52,17,0,267,1610,578,29200,NA,Normal,0-2-2,0.0,3.8889,3.0588,0
456,17,29,3,5,0,113,4420,3960,36100,NA,Normal,0-2-0,0.0,1.7059,0.6,0
457,14,78,33,1850,0,372,1850,2380,67400,NA,低温过热150~300℃,0-2-0,0.0,5.5714,0.0178,1
458,478,21,0,4,0,54,323,9460,64700,NA,异常-未明类,,,0.0439,0.0,1
459,14,11,13,5,1,674,11700,514,70600,NA,Normal,0-0-1,0.0769,0.7857,2.6,0
460,13,0,0,0,0,309,908,12300,43400,NA,Normal,,,0.0,,0
461,13,2,0,0,0,236,857,6680,59700,NA,Normal,,,0.1538,,0
462,13,3,0,80,0,33,649,283,60700,NA,Normal,,,0.2308,0.0,0
463,13,3,0,0,0,220,1280,3430,16300,NA,Normal,,,0.2308,,0
464,13,10,15,71,0,121,3340,309,55000,NA,Normal,0-0-0,0.0,0.7692,0.2113,0
465,14,4,3,100,0,72,1120,1170,50900,NA,Normal,0-0-0,0.0,0.2857,0.03,0
466,14,0,0,0,0,27,397,27000,56100,NA,Normal,,,0.0,,0
467,14,2,0,44,0,20,645,437,55000,NA,Normal,,,0.1429,0.0,0
468,14,2,3,73,0,35,532,248,44600,NA,Normal,0-0-0,0.0,0.1429,0.0411,0
469,14,2,0,60,0,35,517,305,54800,NA,Normal,,,0.1429,0.0,0
470,14,3,0,0,0,155,735,2690,10300,NA,Normal,,,0.2143,,0
471,5,5,5,0,1,709,2310,7930,49900,NA,Normal,,0.2,1.0,,0
472,7,3,6,0,1,320,785,6150,19400,NA,Normal,,0.1667,0.4286,,0
473,15,4,13,3,1,266,630,18300,52900,NA,Normal,0-0-2,0.0769,0.2667,4.3333,0
474,227,11,8,26,0,122,2942,9987,37210,NA,局部放电,0-1-0,0.0,0.0485,0.3077,1
475,114,2,0,0,0,258,1250,7840,70100,NA,Normal,,,0.0175,,0
476,104,5,17,274,0,40,579,163,49800,NA,局部放电,0-1-0,0.0,0.0481,0.062,1
477,91,6,8,168,0,80,1860,571,44200,NA,局部放电,0-1-0,0.0,0.0659,0.0476,1
478,91,5,0,6,0,31,420,24600,49400,NA,Normal,,,0.0549,0.0,0
479,89,2,0,44,0,50,502,189,57800,NA,Normal,,,0.0225,0.0,0
480,88,3,0,0,0,530,2640,11300,52600,NA,Normal,,,0.0341,,0
481,79,6,14,533,0,45,409,667,54400,NA,局部放电,0-1-0,0.0,0.0759,0.0263,1
482,78,3,4,121,0,132,892,294,55700,NA,Normal,0-1-0,0.0,0.0385,0.0331,0
483,73,10,1,2,0,253,2101,1100,49947,NA,Normal,0-0-0,0.0,0.137,0.5,0
484,71,8,7,257,0,133,2650,342,46100,NA,低温过热<150℃,0-0-0,0.0,0.1127,0.0272,1
485,70,1,7,117,0,12,1750,371,40100,NA,Normal,0-1-0,0.0,0.0143,0.0598,0
486,61,4,3,117,0,98,909,440,48800,NA,Normal,0-1-0,0.0,0.0656,0.0256,0
487,61,4,0,52,0,98,591,1670,52600,NA,Normal,,,0.0656,0.0,0
488,59,15,5,5,0,577,6140,587,20100,NA,Normal,0-0-1,0.0,0.2542,1.0,0
489,59,3,3,109,0,68,704,1900,62400,NA,Normal,0-1-0,0.0,0.0508,0.0275,0
490,59,3,0,97,0,90,766,1420,50000,NA,Normal,,,0.0508,0.0,0
491,58,3,2,86,0,63,1040,896,55700,NA,Normal,0-1-0,0.0,0.0517,0.0233,0
492,58,4,4,108,0,70,636,177,30704,NA,Normal,0-1-0,0.0,0.069,0.037,0
493,57,4,4,147,0,98,926,2470,53800,NA,局部放电,0-1-0,0.0,0.0702,0.0272,1
494,56,4,8,430,0,46,430,21110,59700,NA,局部放电,0-1-0,0.0,0.0714,0.0186,1
495,54,2,0,15,0,222,1600,320,47000,NA,Normal,,,0.037,0.0,0
496,54,3,0,127,0,112,780,256,54600,NA,Normal,,,0.0556,0.0,0
497,54,4,4,126,0,89,833,281,44100,NA,Normal,0-1-0,0.0,0.0741,0.0317,0
498,54,4,4,126,0,89,833,281,44100,NA,Normal,0-1-0,0.0,0.0741,0.0317,0
499,52,3,5,82,0,87,934,1710,56300,NA,Normal,0-1-0,0.0,0.0577,0.061,0
500,52,22,5,51,0,203,1760,645,71300,NA,Normal,0-0-0,0.0,0.4231,0.098,0
501,52,3,4,60,0,128,754,322,39300,NA,Normal,0-1-0,0.0,0.0577,0.0667,0
502,52,3,0,68,0,90,681,1550,58400,NA,Normal,,,0.0577,0.0,0
503,51,2,0,217,0,53,344,339,47800,NA,异常-未明类,,,0.0392,0.0,1
504,50,4,4,105,0,70,758,205,55200,NA,Normal,0-1-0,0.0,0.08,0.0381,0
505,49,4,3,112,0,87,1030,352,54600,NA,Normal,0-1-0,0.0,0.0816,0.0268,0
506,49,2,3,85,0,58,710,398,40800,NA,Normal,0-1-0,0.0,0.0408,0.0353,0
507,48,3,3,77,0,112,914,245,58500,NA,Normal,0-1-0,0.0,0.0625,0.039,0
508,48,4,3,79,0,124,1010,1330,58900,NA,Normal,0-1-0,0.0,0.0833,0.038,0
509,48,3,4,144,0,36,673,71,21093,NA,局部放电,0-1-0,0.0,0.0625,0.0278,1
510,48,2,0,112,0,62,651,252,56800,NA,Normal,,,0.0417,0.0,0
511,48,3,5,132,0,56,650,289,57400,NA,Normal,0-1-0,0.0,0.0625,0.0379,0
512,47,4,0,57,0,74,621,400,48200,NA,Normal,,,0.0851,0.0,0
513,47,2,5,73,0,88,966,366,44500,NA,Normal,0-1-0,0.0,0.0426,0.0685,0
514,46,3,4,54,0,127,827,390,40200,NA,Normal,0-1-0,0.0,0.0652,0.0741,0
515,46,2,3,122,0,67,735,227,46700,NA,Normal,0-1-0,0.0,0.0435,0.0246,0
516,42,1,0,56,0,25,660,2580,64500,NA,Normal,,,0.0238,0.0,0
517,40,4,3,106,0,86,1110,266,56300,NA,Normal,0-0-0,0.0,0.1,0.0283,0
518,40,3,0,74,0,95,2190,511,63600,NA,Normal,,,0.075,0.0,0
519,39,3,4,96,0,69,711,1860,57900,NA,Normal,0-1-0,0.0,0.0769,0.0417,0
520,39,4,5,83,0,74,804,1060,50800,NA,Normal,0-0-0,0.0,0.1026,0.0602,0
521,38,4,3,136,0,126,3580,461,55900,NA,Normal,0-0-0,0.0,0.1053,0.0221,0
522,38,2,0,150,0,49,350,191,60800,NA,异常-未明类,,,0.0526,0.0,1
523,37,3,8,51,0,39,1030,224,49900,NA,Normal,0-1-0,0.0,0.0811,0.1569,0
524,37,5,8,4,0,313,1776,44788,44090,NA,Normal,0-0-1,0.0,0.1351,2.0,0
525,37,3,2,78,0,43,535,280,48100,NA,Normal,0-1-0,0.0,0.0811,0.0256,0
526,37,2,0,62,0,75,1190,493,48700,NA,Normal,,,0.0541,0.0,0
527,36,4,4,157,0,58,776,247,54000,NA,低温过热<150℃,0-0-0,0.0,0.1111,0.0255,1
528,35,3,0,44,0,50,547,438,53300,NA,Normal,,,0.0857,0.0,0
529,35,3,4,79,0,98,654,302,39700,NA,Normal,0-1-0,0.0,0.0857,0.0506,0
530,35,3,0,91,0,78,766,232,61400,NA,Normal,,,0.0857,0.0,0
531,35,4,9,96,0,75,587,336,51000,NA,Normal,0-0-0,0.0,0.1143,0.0938,0
532,3,37,87,32,0,126,319,1480,13500,NA,中温过热300~700℃,0-2-1,0.0,12.3333,2.7188,1
533,34,3,0,0,0,380,1680,7200,51200,NA,Normal,,,0.0882,,0
534,34,2,4,37,0,72,702,394,43300,NA,Normal,0-1-0,0.0,0.0588,0.1081,0
535,33,4,0,91,0,88,738,312,44100,NA,Normal,,,0.1212,0.0,0
536,33,2,0,184,0,53,486,2000,48700,NA,异常-未明类,,,0.0606,0.0,1
537,32,4,5,0,0,666,6450,7150,66200,NA,Normal,,0.0,0.125,,0
538,30,3,3,111,0,45,641,1310,49700,NA,Normal,0-0-0,0.0,0.1,0.027,0
539,30,4,3,83,0,105,920,298,55400,NA,Normal,0-0-0,0.0,0.1333,0.0361,0
540,30,3,3,69,0,54,604,302,56700,NA,Normal,0-0-0,0.0,0.1,0.0435,0
541,30,2,0,70,0,46,691,510,35200,NA,Normal,,,0.0667,0.0,0
542,30,2,0,79,0,42,439,466,41900,NA,Normal,,,0.0667,0.0,0
543,29,6,13,270,0,84,766,447,52700,NA,低温过热<150℃,0-0-0,0.0,0.2069,0.0481,1
544,29,3,0,89,0,95,607,277,44200,NA,Normal,,,0.1034,0.0,0
545,29,2,4,78,0,74,725,266,48500,NA,Normal,0-1-0,0.0,0.069,0.0513,0
546,29,2,3,115,0,53,569,396,52500,NA,Normal,0-1-0,0.0,0.069,0.0261,0
547,28,5,3,51,0,157,787,289,50300,NA,Normal,0-0-0,0.0,0.1786,0.0588,0
548,27,11,4,11,0,181,591,489,60200,NA,Normal,0-0-0,0.0,0.4074,0.3636,0
549,27,3,0,122,0,66,725,246,52900,NA,Normal,,,0.1111,0.0,0
550,26,7,6,302,0,89,784,4440,68800,NA,低温过热<150℃,0-0-0,0.0,0.2692,0.0199,1
551,26,3,0,62,0,68,598,321,48300,NA,Normal,,,0.1154,0.0,0
552,26,2,0,3,0,238,1150,8500,51200,NA,Normal,,,0.0769,0.0,0
553,25,9,4,0,0,482,2470,1500,70400,NA,Normal,,0.0,0.36,,0
554,25,3,0,102,0,42,552,2060,50300,NA,Normal,,,0.12,0.0,0
555,24,0,0,0,0,68,230,17200,41600,NA,Normal,,,0.0,,0
556,24,2,0,92,0,34,398,1970,64100,NA,Normal,,,0.0833,0.0,0
557,24,2,4,105,0,47,495,257,55700,NA,Normal,0-1-0,0.0,0.0833,0.0381,0
558,24,4,0,0,0,332,2640,2350,23200,NA,Normal,,,0.1667,,0
559,23,2,3,76,0,43,1380,1690,60700,NA,Normal,0-1-0,0.0,0.087,0.0395,0
560,23,2,0,48,0,49,807,505,58100,NA,Normal,,,0.087,0.0,0
561,23,1,3,0,0,449,2720,14800,40700,NA,Normal,,0.0,0.0435,,0
562,23,5,0,0,0,530,1760,6480,42100,NA,Normal,,,0.2174,,0
563,22,7,11,286,0,100,2580,399,42600,NA,低温过热<150℃,0-0-0,0.0,0.3182,0.0385,1
564,22,3,5,291,0,30,813,1220,49900,NA,低温过热<150℃,0-0-0,0.0,0.1364,0.0172,1
565,21,3,3,68,0,40,967,364,57700,NA,Normal,0-0-0,0.0,0.1429,0.0441,0
566,21,3,7,0,0,788,4290,6240,52400,NA,Normal,,0.0,0.1429,,0
567,21,5,6,523,0,44,1070,197,56700,NA,低温过热<150℃,0-0-0,0.0,0.2381,0.0115,1
568,21,5,3,0,0,167,1260,2710,5600,NA,Normal,,0.0,0.2381,,0
569,21,0,0,65,0,19,187,243,48800,NA,Normal,,,0.0,0.0,0
570,20,2,0,0,0,842,2750,4530,53000,NA,Normal,,,0.1,,0
571,20,4,16,4,0,395,999,17400,59600,NA,Normal,0-0-2,0.0,0.2,4.0,0
572,20,7,2,1,0,66,568,14453,52582,NA,Normal,0-0-1,0.0,0.35,2.0,0
573,19,1,0,0,0,374,728,3490,30000,NA,Normal,,,0.0526,,0
574,4,24,60,17,0,96,707,893,69100,NA,Normal,0-2-2,0.0,6.0,3.5294,0
575,10,2,3,0,0,441,891,8010,36900,NA,Normal,,0.0,0.2,,0
576,10,4,0,108,0,71,1020,254,56500,NA,Normal,,,0.4,0.0,0
577,10,2,0,102,0,54,1100,881,47800,NA,Normal,,,0.2,0.0,0
578,10,2,0,0,0,97,549,2060,6440,NA,Normal,,,0.2,,0
579,10,2,4,211,0,46,322,2740,53500,NA,低温过热<150℃,0-0-0,0.0,0.2,0.019,1
580,10,7,30,521,0,44,1060,210,48900,NA,低温过热<150℃,0-0-0,0.0,0.7,0.0576,1
581,9,2,0,128,0,44,515,228,45900,NA,Normal,,,0.2222,0.0,0
582,9,2,0,0,0,526,2050,13000,45000,NA,Normal,,,,,0
583,9,4,0,0,0,475,1570,12000,45100,NA,Normal,,,,,0
584,9,6,17,0,0,432,7980,2200,58100,NA,Normal,,0.0,0.6667,,0
585,9,2,0,55,0,34,1120,278,53900,NA,Normal,,,0.2222,0.0,0
586,9,2,5,278,0,34,843,414,37700,NA,低温过热<150℃,0-0-0,0.0,0.2222,0.018,1
587,9,4,6,0,0,238,5050,2700,73600,NA,Normal,,,,,0
588,9,4,3,0,0,173,1370,17000,53500,NA,Normal,,,,,0
589,9,2,3,184,0,42,351,2490,57000,NA,低温过热<150℃,0-0-0,0.0,0.2222,0.0163,1
590,8,3,0,43,0,166,454,1210,27000,NA,Normal,,,0.375,0.0,0
591,8,2,0,0,0,323,989,5570,22800,NA,Normal,,,,,0
592,8,3,12,0,0,318,569,8470,44500,NA,Normal,,0.0,0.375,,0
593,8,6,0,0,0,646,3020,12200,49200,NA,Normal,,,,,0
594,8,4,0,0,0,434,1890,16200,52900,NA,Normal,,,,,0
595,8,4,0,0,0,580,1750,8600,40900,NA,Normal,,,,,0
596,8,3,0,79,0,39,1390,292,47300,NA,Normal,,,0.375,0.0,0
597,8,2,0,75,0,20,491,117,47900,NA,Normal,,,0.25,0.0,0
598,8,2,4,75,0,38,506,352,26900,NA,Normal,0-0-0,0.0,0.25,0.0533,0
599,8,1,3,78,0,37,698,189,39923,NA,Normal,0-0-0,0.0,0.125,0.0385,0
600,8,2,3,227,0,42,444,634,49400,NA,低温过热<150℃,0-0-0,0.0,0.25,0.0132,1
601,8,2,3,158,0,42,424,1140,55600,NA,低温过热<150℃,0-0-0,0.0,0.25,0.019,1
602,7,0,3,0,0,463,975,7290,34700,NA,Normal,,,,,0
603,7,0,0,0,0,360,557,5860,28700,NA,Normal,,,,,0
604,7,5,0,0,0,593,2360,8570,38900,NA,Normal,,,,,0
605,7,6,0,0,0,725,2120,10300,50500,NA,Normal,,,,,0
606,7,4,0,0,0,527,1530,1160,46900,NA,Normal,,,,,0
607,7,16,7,5,0,545,10600,420,63600,NA,Normal,0-2-1,0.0,2.2857,1.4,0
608,7,2,0,167,0,31,644,339,43800,NA,异常-未明类,,,0.2857,0.0,1
609,7,2,0,67,0,52,1340,1200,51100,NA,Normal,,,0.2857,0.0,0
610,7,1,0,0,0,54,221,492,9748,NA,Normal,,,,,0
611,7,0,0,0,0,47,700,19100,46700,NA,Normal,,,,,0
612,7,5,4,0,0,444,1580,4560,43900,NA,Normal,,,,,0
613,6,5,5,0,0,587,4230,4970,52300,NA,Normal,,,,,0
614,6,0,3,0,0,434,908,10200,41700,NA,Normal,,,,,0
615,6,2,0,0,0,451,1500,4570,22500,NA,Normal,,,,,0
616,6,2,0,0,0,575,1370,10600,58100,NA,Normal,,,,,0
617,6,6,0,0,0,649,2960,9550,49600,NA,Normal,,,,,0
618,6,7,0,0,0,788,3030,7300,44400,NA,Normal,,,,,0
619,6,6,0,0,0,678,2220,9960,53700,NA,Normal,,,,,0
620,6,4,0,0,0,529,1540,6510,37400,NA,Normal,,,,,0
621,6,4,0,0,0,562,1670,11800,44900,NA,Normal,,,,,0
622,6,5,0,0,0,705,2250,5790,30900,NA,Normal,,,,,0
623,6,5,0,0,0,581,1870,11600,44500,NA,Normal,,,,,0
624,6,0,0,35,0,17,413,177,55400,NA,Normal,,,0.0,0.0,0
625,6,2,0,175,0,36,311,222,42000,NA,异常-未明类,,,0.3333,0.0,1
626,5,3,0,0,0,465,2850,6410,45800,NA,Normal,,,,,0
627,5,0,3,0,0,491,1140,10800,43300,NA,Normal,,,,,0
628,5,0,0,0,0,258,1130,17400,43000,NA,Normal,,,,,0
629,5,5,11,0,0,475,846,18200,66100,NA,Normal,,0.0,1.0,,0
630,5,7,0,0,0,689,2410,4460,33100,NA,Normal,,,,,0
631,5,7,0,0,0,696,2820,10500,47300,NA,Normal,,,,,0
632,5,4,0,0,0,739,2030,3860,29300,NA,Normal,,,,,0
633,5,5,0,0,0,466,1930,8930,34900,NA,Normal,,,,,0
634,5,5,0,0,0,582,1720,9880,41700,NA,Normal,,,,,0
635,5,5,0,0,0,746,24200,7550,47400,NA,Normal,,,,,0
636,5,5,0,0,0,685,2090,5300,39600,NA,Normal,,,,,0
637,5,10,19,14,0,507,5330,15700,60200,NA,Normal,0-2-1,0.0,2.0,1.3571,0
638,5,0,0,68,0,22,226,1210,54600,NA,Normal,,,0.0,0.0,0
639,5,2,0,0,0,90,93,16100,53200,NA,Normal,,,,,0
640,4,5,3,0,0,344,2380,17000,72100,NA,Normal,,,,,0
641,4,0,0,0,0,82,499,22200,48400,NA,Normal,,,,,0
642,4,4,0,0,0,152,825,18900,53900,NA,Normal,,,,,0
643,4,0,0,0,0,322,825,6890,24800,NA,Normal,,,,,0
644,4,7,0,0,0,760,2600,4990,35200,NA,Normal,,,,,0
645,4,6,0,0,0,599,2310,3910,24600,NA,Normal,,,,,0
646,4,6,0,0,0,656,2090,4300,26200,NA,Normal,,,,,0
647,4,6,0,0,0,595,2130,4690,27400,NA,Normal,,,,,0
648,4,7,0,0,0,785,2690,9600,55200,NA,Normal,,,,,0
649,4,6,0,0,0,664,2440,4070,30900,NA,Normal,,,,,0
650,4,4,0,0,0,735,2010,4860,34500,NA,Normal,,,,,0
651,4,0,0,0,0,51,275,9660,22200,NA,Normal,,,,,0
652,4,4,9,1,0,171,2499,7917,72870,NA,Normal,,,,,0
653,4,2,0,0,0,92,736,19100,49000,NA,Normal,,,,,0
654,4,1,4,0,0,364,2020,10600,49300,NA,Normal,,,,,0
655,4,3,0,99,0,68,508,425,54300,NA,Normal,,,0.75,0.0,0
656,4,0,0,0,0,69,188,19700,50400,NA,Normal,,,,,0
657,3,6,16,0,0,569,3710,8020,50100,NA,Normal,,0.0,2.0,,0
658,3,2,0,49,0,29,650,1940,53800,NA,Normal,,,0.6667,0.0,0
659,3,2,2,0,0,61,549,16900,45900,NA,Normal,,,,,0
660,3,2,3,99,0,39,791,309,38500,NA,Normal,0-0-0,0.0,0.6667,0.0303,0
661,3,4,4,0,0,669,1720,3660,40100,NA,Normal,,,,,0
662,3,3,0,0,0,426,2480,17600,50900,NA,Normal,,,,,0
663,3,2,0,0,0,510,1230,5040,29500,NA,Normal,,,,,0
664,3,1,0,0,0,368,863,7880,32100,NA,Normal,,,,,0
665,3,0,0,0,0,120,293,11200,36100,NA,Normal,,,,,0
666,3,1,17,0,0,296,5070,13900,3600,NA,Normal,,0.0,0.3333,,0
667,3,2,0,0,0,452,6050,12200,36300,NA,Normal,,,,,0
668,3,7,0,0,0,761,2570,4070,34800,NA,Normal,,,,,0
669,3,5,3,2,0,568,2160,45100,31200,NA,Normal,,,,,0
670,3,6,0,0,0,610,2070,3710,25100,NA,Normal,,,,,0
671,3,11,10,5,0,319,3716,7951,50923,NA,Normal,0-2-1,0.0,3.6667,2.0,0
672,3,2,0,153,0,24,246,220,54300,NA,异常-未明类,,,0.6667,0.0,1
673,3,10,21,4,0,532,1320,9730,42000,NA,Normal,0-2-2,0.0,3.3333,5.25,0
674,3,9,18,3,0,369,1050,5810,31900,NA,Normal,0-2-2,0.0,3.0,6.0,0
675,3,3,0,0,0,483,1230,11200,57300,NA,Normal,,,,,0
676,3,1,0,0,0,103,555,15700,59900,NA,Normal,,,,,0
677,2,4,2,0,0,358,2770,15700,51300,NA,Normal,,,,,0
678,2,1,0,0,0,70,435,16072,46688,NA,Normal,,,,,0
679,2,2,3,3,0,32,801,12704,33134,NA,Normal,,,,,0
680,0,0,0,0,0,29,347,23500,50600,NA,Normal,,,,,0
681,0,4,3,292,0,25,1510,302,51300,NA,异常-未明类,,0.0,,0.0103,1
682,0,2,8,2,0,152,823,20600,46500,NA,Normal,,,,,0
683,0,2,6,1,0,97,915,15115,48813,NA,Normal,,,,,0
684,0,0,0,0,0,72,629,19100,58400,NA,Normal,,,,,0
685,0,0,3,0,0,67,511,18600,44400,NA,Normal,,,,,0
686,0,0,3,0,0,46,520,21900,46200,NA,Normal,,,,,0
687,0,0,0,0,0,51,658,21300,46200,NA,Normal,,,,,0
688,0,1,0,0,0,10,348,16443,43308,NA,Normal,,,,,0
689,0,3,0,0,0,117,699,20000,54700,NA,Normal,,,,,0
690,0,3,0,0,0,105,624,16600,49300,NA,Normal,,,,,0
691,0,4,0,0,0,182,1100,17000,55600,NA,Normal,,,,,0
692,0,5,0,0,0,123,767,21200,60000,NA,Normal,,,,,0
693,0,0,0,0,0,25,467,25600,47100,NA,Normal,,,,,0
694,0,6,0,0,0,280,502,789,20300,NA,Normal,,,,,0
695,0,6,34,15,0,197,2070,21500,45600,NA,Normal,,0.0,,2.2667,0
696,0,0,6,0,0,202,2220,23100,48600,NA,Normal,,,,,0
697,0,0,21,0,0,251,5620,16100,38600,NA,Normal,,0.0,,,0
698,0,2,0,0,0,284,3820,14700,36500,NA,Normal,,,,,0
699,0,3,6,0,0,358,5507,9444,35331,NA,Normal,,,,,0
700,0,0,0,0,0,56,202,27300,65600,NA,Normal,,,,,0
701,0,2,0,0,0,113,326,1230,10500,NA,Normal,,,,,0
702,0,0,0,0,0,81,192,4330,11200,NA,Normal,,,,,0
703,0,0,0,0,0,114,782,19900,43300,NA,Normal,,,,,0
704,0,0,0,0,0,49,427,25800,57100,NA,Normal,,,,,0
705,0,0,0,0,0,66,914,22800,46800,NA,Normal,,,,,0
706,0,0,0,0,0,40,620,23200,45800,NA,Normal,,,,,0
707,0,0,6,0,0,84,779,24100,49300,NA,Normal,,,,,0
708,0,0,0,0,0,54,738,24300,50200,NA,Normal,,,,,0
709,0,2,0,99,0,24,482,448,38900,NA,Normal,,,,0.0,0
710,0,0,0,0,0,36,585,22800,44600,NA,Normal,,,,,0
711,0,2,0,0,0,426,1360,16000,48000,NA,Normal,,,,,0
712,0,0,0,0,0,49,466,23900,45900,NA,Normal,,,,,0
713,0,0,0,0,0,78,190,20300,62500,NA,Normal,,,,,0
714,0,0,0,0,0,73,196,19500,54800,NA,Normal,,,,,0
715,0,0,0,0,0,61,304,18400,51700,NA,Normal,,,,,0
716,18,5,3,91,0,127,711,154,42800,NA,Normal,0-0-0,0.0,0.2778,0.033,0
717,11,3,0,3,0,309,2240,15600,45000,NA,Normal,,,0.2727,0.0,0
718,11,2,3,49,0,41,594,1760,56800,NA,Normal,0-0-0,0.0,0.1818,0.0612,0
719,11,0,0,60,0,30,593,1770,48600,NA,Normal,,,0.0,0.0,0
720,11,2,0,54,0,29,867,1780,56900,NA,Normal,,,0.1818,0.0,0
721,11,2,0,63,0,54,1050,265,50800,NA,Normal,,,0.1818,0.0,0
722,11,0,0,0,0,62,649,15700,41700,NA,Normal,,,0.0,,0
723,11,2,0,211,0,35,309,222,41000,NA,异常-未明类,,,0.1818,0.0,1
724,17,2,4,97,0,46,1050,262,47400,NA,Normal,0-0-0,0.0,0.1176,0.0412,0
725,17,6,5,211,0,87,599,645,49600,NA,低温过热<150℃,0-0-0,0.0,0.3529,0.0237,1
726,17,2,0,56,0,31,561,259,53300,NA,Normal,,,0.1176,0.0,0
727,17,2,3,64,0,40,1230,233,53500,NA,Normal,0-0-0,0.0,0.1176,0.0469,0
728,17,2,0,116,0,47,796,232,48600,NA,Normal,,,0.1176,0.0,0
729,17,5,0,0,0,320,2450,564,14600,NA,Normal,,,0.2941,,0
730,16,15,0,21,0,122,12000,1050,51600,NA,Normal,,,0.9375,0.0,0
731,16,6,0,138,0,138,663,2020,56600,NA,Normal,,,0.375,0.0,0
732,16,0,0,53,0,35,604,2270,65400,NA,Normal,,,0.0,0.0,0
733,16,4,17,183,0,44,709,2030,53800,NA,低温过热<150℃,0-0-0,0.0,0.25,0.0929,1
734,12,2,4,48,0,34,569,151,48200,NA,Normal,0-0-0,0.0,0.1667,0.0833,0
735,12,2,3,72,0,36,1560,1840,61900,NA,Normal,0-0-0,0.0,0.1667,0.0417,0
736,12,2,0,51,0,35,895,285,52500,NA,Normal,,,0.1667,0.0,0
737,12,2,0,84,0,52,918,465,52700,NA,Normal,,,0.1667,0.0,0
738,12,2,0,0,0,170,1440,2150,11100,NA,Normal,,,0.1667,,0
739,15,3,3,84,0,60,853,227,52900,NA,Normal,0-0-0,0.0,0.2,0.0357,0
740,15,3,3,108,0,64,622,334,47100,NA,Normal,0-0-0,0.0,0.2,0.0278,0
741,15,2,0,0,0,675,2530,1280,35000,NA,Normal,,,0.1333,,0
742,15,5,0,72,0,77,532,169,50600,NA,Normal,,,0.3333,0.0,0
743,15,3,5,27,0,64,581,308,39700,NA,Normal,0-0-0,0.0,0.2,0.1852,0
