transformer_id,date,h2,ch4,c2h4,c2h6,c2h2,co,co2,fault_state
1,2024-04-01,1.682,34.375,11.087,9.528,0.031,152.711,1206.935,Normal
1,2024-04-02,1.17,29.023,12.446,9.98,0.103,178.859,1070.621,Normal
1,2024-04-03,1.624,28.024,11.57,9.849,0.0,139.857,1476.259,Normal
1,2024-04-04,1.371,28.381,10.671,10.253,0.0,180.178,1236.398,Normal
1,2024-04-05,2.194,34.351,12.541,10.475,0.186,195.759,1185.147,Normal
1,2024-04-06,1.099,24.788,10.547,9.731,0.0,137.746,1255.787,Normal
1,2024-04-07,1.562,31.593,12.859,10.529,0.12,169.457,1251.468,Normal
1,2024-04-08,1.62,26.885,10.206,9.238,0.0,152.507,1487.65,Normal
1,2024-04-09,1.177,30.706,10.41,9.527,0.0,182.912,1284.936,Normal
1,2024-04-10,1.76,30.386,11.596,11.454,0.002,124.584,1016.715,Normal
1,2024-04-11,1.14,28.552,11.323,9.992,0.0,175.848,1369.71,Normal
1,2024-04-12,1.424,30.307,11.072,9.578,0.0,127.46,1265.168,Normal
1,2024-04-13,1.319,28.354,11.67,10.237,0.055,166.853,1128.721,Normal
1,2024-04-14,1.453,25.335,8.862,7.934,0.0,173.515,1077.931,Normal
1,2024-04-15,1.339,33.367,12.65,11.596,0.0,153.775,1081.004,Normal
1,2024-04-16,1.373,30.367,10.197,10.17,0.0,146.508,1006.492,Normal
1,2024-04-17,1.487,28.196,11.569,9.822,0.166,158.064,1084.49,Normal
1,2024-04-18,1.496,30.958,13.191,11.264,0.059,213.868,1043.497,Normal
1,2024-04-19,1.259,25.498,9.636,7.73,0.0,147.006,1010.049,Normal
1,2024-04-20,1.202,28.836,12.177,12.188,0.249,178.449,1088.994,Normal
1,2024-04-21,0.934,25.515,9.363,7.923,0.0,154.771,1438.719,Normal
1,2024-04-22,1.617,30.433,10.978,8.805,0.0,161.849,1504.247,Normal
1,2024-04-23,1.456,32.593,12.114,9.555,0.0,141.508,1569.671,Normal
1,2024-04-24,1.217,29.301,10.649,10.789,0.0,161.641,1141.77,Normal
1,2024-04-25,1.309,29.264,11.124,8.419,0.0,167.373,1533.508,Normal
1,2024-04-26,1.527,29.73,11.858,11.902,0.048,149.058,1351.28,Normal
1,2024-04-27,1.564,35.332,13.421,9.42,0.0,224.086,1513.632,Normal
1,2024-04-28,1.375,27.148,12.034,8.843,0.0,171.174,1093.425,Normal
1,2024-04-29,1.463,29.642,11.552,11.75,0.002,180.674,921.172,Normal
1,2024-04-30,1.432,27.239,9.692,8.423,0.0,188.031,1057.134,Normal
1,2024-05-01,1.462,28.837,11.17,11.213,0.031,201.786,1215.799,Normal
1,2024-05-02,1.25,27.488,11.046,9.378,0.0,157.671,1248.689,Normal
1,2024-05-03,2.378,44.025,14.787,12.739,0.075,145.87,1257.636,Normal
1,2024-05-04,1.657,28.234,10.623,8.035,0.031,135.663,1113.068,Normal
1,2024-05-05,1.168,27.52,9.439,8.3,0.096,131.979,1051.81,Normal
1,2024-05-06,2.134,45.736,15.348,12.866,0.182,232.942,1080.62,Normal
1,2024-05-07,1.264,28.553,11.724,9.321,0.0,116.502,1196.09,Normal
1,2024-05-08,1.41,29.787,10.932,10.509,0.063,178.113,1275.073,Normal
1,2024-05-09,1.473,29.687,10.98,10.221,0.0,234.829,1498.789,Normal
1,2024-05-10,1.561,28.451,10.244,11.098,0.0,164.49,903.442,Normal
1,2024-05-11,1.716,33.612,11.845,10.12,0.066,163.092,1230.174,Normal
1,2024-05-12,1.37,27.937,11.261,11.379,0.0,154.783,1236.59,Normal
1,2024-05-13,1.556,29.643,9.901,10.02,0.169,122.753,1362.702,Normal
1,2024-05-14,1.334,28.62,10.566,9.346,0.035,190.884,1512.952,Normal
1,2024-05-15,1.852,34.229,15.061,11.882,0.235,148.32,1167.97,Normal
1,2024-05-16,1.184,29.731,10.162,10.317,0.0,205.128,1356.294,Normal
1,2024-05-17,2.123,36.814,12.403,11.519,0.0,140.267,1467.319,Normal
1,2024-05-18,1.52,27.993,10.304,9.843,0.0,147.097,1217.074,Normal
1,2024-05-19,1.801,34.86,11.043,11.397,0.033,178.41,1522.093,Normal
1,2024-05-20,0.858,22.789,10.08,6.928,0.032,170.206,1304.031,Normal
1,2024-05-21,1.416,32.056,13.168,11.012,0.039,168.703,1053.568,Normal
1,2024-05-22,1.413,28.362,11.286,10.695,0.0,156.982,1536.783,Normal
1,2024-05-23,1.246,25.978,10.455,9.835,0.0,208.867,1303.427,Normal
1,2024-05-24,1.759,34.297,15.597,10.852,0.0,207.666,1116.515,Normal
1,2024-05-25,1.423,32.741,10.557,9.157,0.0,132.892,1309.075,Normal
1,2024-05-26,1.615,31.086,11.023,8.372,0.055,154.332,1271.658,Normal
1,2024-05-27,1.632,31.473,13.063,11.271,0.116,143.411,1167.5,Normal
1,2024-05-28,1.473,32.069,11.707,10.802,0.0,162.391,1371.723,Normal
1,2024-05-29,0.921,21.821,7.963,6.21,0.0,186.214,1132.785,Normal
1,2024-05-30,1.634,35.357,15.13,11.682,0.302,160.276,1087.681,Normal
1,2024-05-31,1.247,23.658,8.629,8.323,0.0,223.756,1014.467,Normal
1,2024-06-01,1.613,29.027,11.981,10.083,0.0,180.572,1149.471,Normal
1,2024-06-02,1.267,25.715,9.577,9.529,0.0,168.543,1287.118,Normal
1,2024-06-03,1.918,32.912,11.254,12.079,0.0,197.857,1262.192,Normal
1,2024-06-04,1.328,29.6,13.758,12.09,0.054,160.365,1398.924,Normal
1,2024-06-05,1.234,28.442,10.706,9.482,0.0,120.622,874.014,Normal
1,2024-06-06,1.18,26.031,10.169,11.1,0.012,143.582,1356.835,Normal
1,2024-06-07,1.387,28.581,11.373,10.011,0.0,202.37,1004.46,Normal
1,2024-06-08,1.464,37.928,14.304,12.97,0.086,172.676,1245.551,Normal
1,2024-06-09,1.397,25.809,10.596,8.307,0.042,195.829,1267.453,Normal
1,2024-06-10,1.377,30.974,11.564,11.376,0.0,146.49,901.969,Normal
1,2024-06-11,1.057,29.384,12.381,8.667,0.0,94.955,1187.19,Normal
1,2024-06-12,2.399,37.737,13.182,13.03,0.01,170.495,1231.791,Normal
1,2024-06-13,1.27,30.118,12.145,10.465,0.0,189.583,1521.201,Normal
1,2024-06-14,1.212,25.029,11.076,8.769,0.113,144.53,1422.571,Normal
1,2024-06-15,1.54,31.687,13.524,10.197,0.0,152.424,1249.426,Normal
1,2024-06-16,1.012,27.175,10.036,10.247,0.0,141.586,944.752,Normal
1,2024-06-17,1.306,28.75,11.206,9.221,0.005,172.853,1100.656,Normal
1,2024-06-18,1.701,33.574,13.152,11.676,0.099,233.697,1217.696,Normal
1,2024-06-19,1.315,26.215,9.482,8.006,0.0,148.562,1267.352,Normal
1,2024-06-20,1.493,28.356,12.152,10.987,0.022,145.912,1296.302,Normal
1,2024-06-21,1.497,26.495,10.231,9.577,0.0,171.384,969.367,Normal
1,2024-06-22,1.868,37.952,13.874,12.153,0.0,129.068,1212.693,Normal
1,2024-06-23,1.085,27.507,12.782,8.225,0.0,177.134,1522.083,Normal
1,2024-06-24,1.182,27.749,12.236,8.2,0.0,147.028,1072.731,Normal
1,2024-06-25,1.765,32.805,10.567,11.619,0.0,209.477,1133.045,Normal
1,2024-06-26,1.214,28.907,12.41,9.978,0.0,170.125,1057.469,Normal
1,2024-06-27,1.572,26.558,10.682,8.817,0.0,183.269,1286.483,Normal
1,2024-06-28,1.074,20.1,12.335,5.137,0.0,281.376,2163.89,放电
1,2024-06-29,1.183,11.837,6.336,4.305,0.0,167.164,1882.773,放电
1,2024-06-30,2.623,14.584,9.329,13.354,0.013,156.834,1519.81,放电
1,2024-07-01,4.387,16.395,10.293,10.569,1.869,157.097,1980.346,放电
1,2024-07-02,2.656,23.598,15.19,7.949,2.101,225.24,1509.806,放电
1,2024-07-03,1.644,21.101,10.958,6.814,1.495,122.681,1015.467,放电
1,2024-07-04,5.006,33.305,9.363,15.123,2.418,116.763,887.428,放电
1,2024-07-05,10.616,63.794,47.161,28.294,9.603,130.527,1285.493,放电
1,2024-07-06,15.509,116.023,63.947,32.014,11.904,176.394,1782.502,放电
1,2024-07-07,13.149,74.405,53.493,24.266,18.86,90.095,1309.678,放电
1,2024-07-08,11.792,32.35,22.655,12.501,13.232,156.645,1267.328,放电
1,2024-07-09,11.243,42.392,44.701,12.73,16.179,176.291,1255.935,放电
1,2024-07-10,25.208,82.602,90.362,19.945,39.168,150.839,1023.361,放电
1,2024-07-11,16.503,82.747,79.556,17.323,41.487,197.379,745.246,放电
1,2024-07-12,15.349,54.91,89.244,22.077,68.513,122.1,808.151,放电
1,2024-07-13,37.485,108.811,156.371,40.076,133.815,134.441,1242.668,放电
1,2024-07-14,74.927,107.768,80.777,68.217,182.808,101.936,901.949,放电
1,2024-07-15,88.205,202.968,278.514,105.838,285.872,90.91,1128.64,放电
1,2024-07-16,90.626,147.573,348.369,147.236,508.001,84.365,1503.497,放电
1,2024-07-17,149.827,267.217,599.319,191.185,941.377,122.086,1566.555,放电
1,2024-07-18,80.093,177.848,301.702,68.755,1056.086,194.46,1973.385,放电
1,2024-07-19,149.441,391.309,558.912,131.817,955.879,170.363,1703.826,放电
1,2024-07-20,108.378,249.913,384.649,175.034,990.651,143.871,1645.204,放电
1,2024-07-21,159.478,274.546,317.46,142.652,762.598,94.35,1705.549,放电
1,2024-07-22,222.558,196.19,271.181,163.193,1157.933,140.388,1577.057,放电
1,2024-07-23,159.334,146.644,256.833,121.498,1382.554,174.586,1464.457,放电
1,2024-07-24,114.608,143.3,266.863,88.527,847.73,155.333,1308.148,放电
1,2024-07-25,124.833,202.44,307.737,107.295,943.12,101.003,1242.105,放电
1,2024-07-26,300.801,269.831,233.706,76.869,1098.85,111.349,1303.547,放电
1,2024-07-27,426.125,186.058,255.364,153.65,798.24,104.751,1173.07,放电
1,2024-07-28,216.26,177.082,387.472,207.364,785.146,186.962,1307.021,放电
1,2024-07-29,449.399,379.096,634.717,276.112,3705.385,188.54,1185.617,放电
1,2024-07-30,471.7,413.777,553.377,302.298,2284.274,162.536,1308.217,放电
1,2024-07-31,374.324,461.679,379.145,276.379,1050.585,95.281,1354.042,放电
1,2024-08-01,301.073,325.47,457.446,121.011,1120.458,91.72,1380.879,放电
1,2024-08-02,292.136,262.012,473.022,123.764,682.939,62.228,1404.279,放电
1,2024-08-03,235.09,269.626,444.281,131.385,1142.807,64.359,1117.777,放电
1,2024-08-04,148.08,243.149,541.558,98.091,529.81,55.79,1068.647,放电
1,2024-08-05,146.001,216.333,419.032,88.17,974.905,68.51,1038.672,放电
1,2024-08-06,220.654,192.324,383.084,103.472,1040.553,139.12,1075.42,放电
1,2024-08-07,513.756,412.399,458.175,182.493,1026.19,106.016,1347.214,放电
1,2024-08-08,426.799,356.946,587.17,240.343,1971.727,130.326,1836.398,放电
1,2024-08-09,145.114,188.361,268.982,117.305,769.921,119.993,2383.242,放电
1,2024-08-10,169.16,270.872,363.693,131.944,943.237,135.671,2345.708,放电
1,2024-08-11,380.887,513.991,742.188,143.056,1699.966,164.48,2189.346,放电
1,2024-08-12,319.783,571.455,877.238,242.835,1789.374,128.166,1898.358,放电
1,2024-08-13,81.883,221.719,154.739,54.794,673.972,141.308,1302.199,放电
1,2024-08-14,101.997,338.436,290.05,178.192,755.003,145.648,1901.247,放电
1,2024-08-15,160.27,257.149,296.555,138.942,581.824,123.854,1419.838,放电
1,2024-08-16,276.813,379.368,433.605,164.13,1060.942,144.173,1164.158,放电
1,2024-08-17,164.124,373.835,432.883,88.394,1185.842,149.304,945.88,放电
1,2024-08-18,211.46,468.045,630.305,157.199,886.072,146.667,1095.414,放电
1,2024-08-19,0.101,18.061,5.092,6.369,0.0,144.216,1163.183,Normal
1,2024-08-20,2.103,34.407,14.396,12.25,0.311,190.924,1287.176,Normal
1,2024-08-21,1.012,29.618,10.825,7.856,0.0,129.54,1203.87,Normal
1,2024-08-22,1.465,28.027,11.697,10.524,0.059,182.857,1322.417,Normal
1,2024-08-23,0.896,24.236,8.022,8.264,0.0,192.17,1408.166,Normal
1,2024-08-24,1.642,29.898,12.514,9.796,0.072,188.174,1083.784,Normal
1,2024-08-25,1.659,33.634,11.63,12.03,0.073,160.233,1109.173,Normal
1,2024-08-26,1.172,25.529,10.839,8.024,0.0,128.748,1195.678,Normal
1,2024-08-27,1.543,38.571,12.632,13.473,0.019,183.126,1233.357,Normal
1,2024-08-28,1.566,28.709,12.925,9.296,0.201,140.152,1194.859,Normal
1,2024-08-29,1.132,28.401,12.153,9.584,0.0,135.425,1173.779,Normal
1,2024-08-30,1.077,23.978,9.664,9.882,0.15,150.491,1494.06,Normal
1,2024-08-31,1.607,31.055,12.378,10.225,0.008,152.337,949.883,Normal
1,2024-09-01,1.007,27.376,10.471,8.597,0.0,190.214,1302.929,Normal
1,2024-09-02,1.355,31.89,13.974,11.01,0.162,197.771,1400.797,Normal
1,2024-09-03,1.659,32.44,12.581,9.445,0.131,120.824,1048.838,Normal
1,2024-09-04,1.821,35.013,14.821,11.319,0.029,164.235,1263.155,Normal
1,2024-09-05,1.404,32.001,11.627,10.668,0.0,175.713,1199.976,Normal
1,2024-09-06,1.246,26.768,10.532,8.984,0.133,156.482,1170.333,Normal
1,2024-09-07,0.934,23.297,9.237,7.826,0.0,158.178,1463.916,Normal
1,2024-09-08,1.587,31.305,11.995,10.558,0.186,105.51,874.992,Normal
1,2024-09-09,1.269,28.002,11.626,10.027,0.0,213.399,1495.39,Normal
1,2024-09-10,1.543,33.225,12.778,9.999,0.147,156.5,1159.85,Normal
1,2024-09-11,1.905,26.029,9.151,8.763,0.0,155.549,983.771,Normal
1,2024-09-12,1.102,25.805,12.848,11.211,0.0,152.602,1070.067,Normal
1,2024-09-13,1.005,25.646,8.986,8.327,0.0,142.205,1266.504,Normal
1,2024-09-14,1.665,32.635,11.467,11.73,0.0,187.105,1196.989,Normal
1,2024-09-15,1.039,25.108,10.518,9.215,0.0,209.437,1400.033,Normal
1,2024-09-16,1.463,32.091,14.233,12.712,0.0,129.424,1452.567,Normal
1,2024-09-17,1.153,23.549,8.86,8.65,0.0,150.057,1059.31,Normal
1,2024-09-18,1.306,26.888,12.965,9.822,0.126,150.144,1209.853,Normal
1,2024-09-19,1.274,22.178,7.726,6.939,0.0,131.571,1461.828,Normal
1,2024-09-20,1.473,35.191,14.123,12.29,0.028,186.211,1292.668,Normal
1,2024-09-21,1.28,28.694,11.587,8.941,0.0,126.282,1208.757,Normal
1,2024-09-22,1.585,28.427,11.058,10.714,0.071,227.385,1452.111,Normal
1,2024-09-23,1.147,32.087,11.789,10.954,0.0,140.151,901.02,Normal
1,2024-09-24,1.463,24.817,10.841,10.622,0.0,176.42,1156.99,Normal
1,2024-09-25,1.268,31.255,11.783,11.65,0.0,191.891,1237.79,Normal
1,2024-09-26,1.739,30.009,11.614,9.952,0.0,177.19,1321.511,Normal
1,2024-09-27,1.574,35.756,15.088,10.859,0.193,141.629,1192.629,Normal
1,2024-09-28,1.256,31.505,12.182,9.917,0.105,110.925,909.984,Normal
1,2024-09-29,1.742,31.408,12.293,9.307,0.057,253.809,1440.706,Normal
1,2024-09-30,1.445,28.474,10.732,8.069,0.027,173.372,932.862,Normal
1,2024-10-01,1.262,25.331,9.395,9.442,0.0,179.219,1419.244,Normal
1,2024-10-02,1.414,23.715,8.926,10.03,0.0,148.783,990.066,Normal
1,2024-10-03,1.708,31.064,12.516,10.916,0.316,158.652,1328.797,Normal
1,2024-10-04,1.006,28.921,10.509,8.735,0.0,121.486,1226.784,Normal
1,2024-10-05,1.866,33.115,11.225,10.917,0.113,120.821,1034.792,Normal
1,2024-10-06,1.639,31.921,12.934,12.809,0.075,194.193,1838.233,Normal
1,2024-10-07,1.352,26.581,10.766,9.477,0.0,128.826,1547.529,Normal
1,2024-10-08,1.569,29.026,12.122,9.963,0.029,188.337,957.645,Normal
1,2024-10-09,1.532,36.528,13.997,10.783,0.044,145.594,1222.578,Normal
1,2024-10-10,1.325,29.934,10.016,10.783,0.0,177.548,1027.808,Normal
1,2024-10-11,1.907,37.014,15.344,9.88,0.312,171.534,993.841,Normal
1,2024-10-12,1.36,29.211,11.645,10.389,0.0,210.808,1499.136,Normal
1,2024-10-13,0.745,22.646,9.05,6.579,0.0,193.992,992.435,Normal
1,2024-10-14,1.73,29.482,10.871,12.343,0.0,170.334,963.521,Normal
1,2024-10-15,2.002,36.568,13.6,11.922,0.0,199.956,1208.934,Normal
1,2024-10-16,1.295,26.634,10.05,9.953,0.0,175.398,1208.496,Normal
1,2024-10-17,1.641,30.341,14.172,8.801,0.279,205.778,1071.436,Normal
1,2024-10-18,2.159,38.868,14.951,12.684,0.137,148.502,1310.685,Normal
1,2024-10-19,1.758,32.027,11.285,11.498,0.111,186.249,1324.366,Normal
1,2024-10-20,1.315,26.114,9.806,7.677,0.0,155.102,1115.781,Normal
1,2024-10-21,0.733,21.066,9.634,7.536,0.0,126.032,1510.01,Normal
1,2024-10-22,1.58,32.136,14.539,12.518,0.06,152.479,1104.793,Normal
1,2024-10-23,1.578,30.08,10.895,11.428,0.0,251.721,1248.081,Normal
1,2024-10-24,2.009,35.379,14.556,10.518,0.094,161.599,1384.626,Normal
1,2024-10-25,1.362,25.409,8.877,8.023,0.0,165.422,1382.864,Normal
1,2024-10-26,1.463,24.683,9.984,9.271,0.193,122.879,1113.993,Normal
1,2024-10-27,2.007,36.866,14.363,11.886,0.14,197.908,1095.686,Normal
1,2024-10-28,1.614,26.815,10.775,9.883,0.0,154.976,1129.071,Normal
1,2024-10-29,1.124,26.702,9.606,9.37,0.0,186.653,1036.2,Normal
1,2024-10-30,1.354,27.184,12.162,9.858,0.015,172.827,923.577,Normal
1,2024-10-31,1.456,36.092,13.344,11.004,0.11,188.992,960.008,Normal
1,2024-11-01,0.998,25.189,9.515,9.974,0.0,109.418,1057.219,Normal
1,2024-11-02,0.83,23.748,9.548,7.731,0.0,219.064,1213.025,Normal
1,2024-11-03,1.006,27.398,11.307,9.587,0.001,122.674,1610.916,Normal
1,2024-11-04,1.27,29.741,9.957,8.747,0.056,163.113,1288.095,Normal
1,2024-11-05,1.559,29.863,13.311,10.234,0.0,139.244,1292.609,Normal
1,2024-11-06,1.547,26.387,9.56,8.962,0.0,129.139,1091.446,Normal
1,2024-11-07,1.226,30.611,12.849,9.931,0.0,173.987,1099.063,Normal
1,2024-11-08,1.174,24.459,9.154,7.795,0.0,182.99,983.155,Normal
1,2024-11-09,1.516,30.181,12.17,10.428,0.0,124.884,1266.397,Normal
1,2024-11-10,1.759,26.138,10.564,10.954,0.006,189.082,1084.298,Normal
1,2024-11-11,1.358,25.825,8.41,9.834,0.0,144.256,1014.481,Normal
1,2024-11-12,1.081,26.594,10.312,9.297,0.0,176.025,1296.639,Normal
1,2024-11-13,2.062,31.229,11.988,12.157,0.189,122.164,1141.126,Normal
1,2024-11-14,1.76,34.367,13.198,10.625,0.037,180.859,1180.732,Normal
1,2024-11-15,1.032,33.269,13.042,12.459,0.309,190.372,1487.472,过热
1,2024-11-16,0.034,31.343,14.418,13.108,0.0,152.876,1392.589,过热
1,2024-11-17,1.118,42.065,24.713,8.246,0.559,176.146,1279.725,过热
1,2024-11-18,0.894,37.901,10.979,11.035,0.0,196.731,1273.066,过热
1,2024-11-19,4.833,65.513,19.749,16.577,0.729,243.045,1226.595,过热
1,2024-11-20,5.525,41.582,20.428,8.728,1.226,249.16,2161.871,过热
1,2024-11-21,4.474,44.408,39.773,19.213,0.714,266.01,1799.782,过热
1,2024-11-22,8.829,60.675,44.347,15.167,1.364,300.063,1598.377,过热
1,2024-11-23,5.888,76.538,58.841,16.132,1.102,194.98,1305.573,过热
1,2024-11-24,8.999,134.346,78.046,36.576,1.073,257.329,1441.356,过热
1,2024-11-25,22.894,166.04,70.029,33.257,1.453,204.045,1728.662,过热
1,2024-11-26,23.191,334.609,107.253,62.676,1.15,228.408,1827.917,过热
1,2024-11-27,11.924,163.661,150.597,39.965,1.988,371.965,1801.438,过热
1,2024-11-28,20.432,93.148,115.033,39.603,1.433,384.29,1674.405,过热
1,2024-11-29,30.665,184.72,136.762,89.381,1.046,325.576,2745.302,过热
1,2024-11-30,83.258,378.126,230.889,120.91,3.777,371.067,2377.824,过热
1,2024-12-01,95.815,390.507,214.677,112.721,6.319,280.272,2212.184,过热
1,2024-12-02,83.831,383.524,275.453,196.788,6.768,254.181,2593.992,过热
1,2024-12-03,89.835,339.169,356.0,142.806,9.907,287.071,2202.23,过热
1,2024-12-04,109.74,358.273,564.994,195.385,18.071,703.464,1902.936,过热
1,2024-12-05,183.086,404.325,499.587,175.585,9.607,468.907,2161.769,过热
1,2024-12-06,157.72,603.415,622.736,517.968,6.928,530.353,1858.387,过热
1,2024-12-07,477.553,1760.812,1856.958,496.346,20.949,410.845,3023.76,过热
1,2024-12-08,577.925,1737.054,1051.362,369.82,21.684,672.019,3588.912,过热
1,2024-12-09,240.967,961.049,1192.961,166.638,17.221,669.835,2932.982,过热
1,2024-12-10,139.863,551.935,740.894,151.272,8.76,552.884,2796.409,过热
1,2024-12-11,269.942,781.483,929.781,258.439,6.341,641.234,2752.408,过热
1,2024-12-12,318.472,1219.442,877.037,187.649,10.857,607.299,2827.418,过热
1,2024-12-13,282.395,1217.353,1473.36,310.678,13.208,338.32,3238.034,过热
1,2024-12-14,525.074,1903.164,1717.331,593.061,23.627,668.534,2477.491,过热
1,2024-12-15,398.891,1661.336,1773.816,352.498,24.839,724.378,2637.904,过热
1,2024-12-16,416.298,1294.364,2227.432,287.295,21.795,648.585,3198.402,过热
1,2024-12-17,212.418,524.474,562.685,192.922,6.28,552.549,3368.995,过热
1,2024-12-18,214.473,667.995,753.446,296.046,10.065,470.026,2919.292,过热
1,2024-12-19,425.973,1246.421,979.392,530.133,9.545,757.848,3465.73,过热
1,2024-12-20,442.586,1294.439,1214.362,598.692,11.435,704.139,3660.808,过热
1,2024-12-21,319.79,831.398,735.879,271.92,5.481,773.838,4554.491,过热
1,2024-12-22,606.563,840.653,1106.793,554.855,9.991,686.653,2332.723,过热
1,2024-12-23,523.231,732.354,1066.282,260.192,16.472,826.31,2143.033,过热
1,2024-12-24,275.597,337.094,535.756,151.325,6.079,778.928,2198.49,过热
1,2024-12-25,204.929,376.202,785.919,215.018,8.129,790.333,1926.2,过热
1,2024-12-26,276.697,661.671,963.23,332.194,8.468,773.348,2556.775,过热
1,2024-12-27,97.25,541.748,385.255,170.494,6.823,614.243,1951.859,过热
1,2024-12-28,0.035,16.14,5.627,4.264,0.0,105.482,1322.514,Normal
1,2024-12-29,1.472,34.585,13.558,10.166,0.001,151.964,990.667,Normal
1,2024-12-30,1.473,25.784,8.482,9.02,0.0,142.585,1105.853,Normal
1,2024-12-31,1.2,34.059,13.461,10.737,0.0,147.087,1270.237,Normal
1,2025-01-01,1.211,28.74,10.082,9.184,0.0,170.296,1093.37,Normal
1,2025-01-02,1.42,28.469,10.704,10.324,0.0,157.755,1160.964,Normal
1,2025-01-03,1.704,31.182,11.784,10.51,0.209,126.792,1361.613,Normal
1,2025-01-04,0.91,25.505,11.618,9.241,0.0,153.23,1186.822,Normal
1,2025-01-05,1.497,27.745,10.354,9.812,0.0,140.917,1000.048,Normal
1,2025-01-06,1.558,32.578,12.799,11.678,0.065,179.213,1312.531,Normal
1,2025-01-07,1.402,27.419,12.845,9.096,0.0,172.148,1233.871,Normal
1,2025-01-08,1.075,29.664,11.045,8.622,0.071,179.855,1005.959,Normal
1,2025-01-09,2.139,36.455,13.728,14.12,0.111,157.813,1142.351,Normal
1,2025-01-10,1.501,31.143,11.98,9.163,0.052,160.739,1011.578,Normal
1,2025-01-11,1.042,27.301,8.674,9.425,0.0,207.081,1168.594,Normal
1,2025-01-12,1.751,30.625,12.435,11.245,0.026,185.742,1057.068,Normal
1,2025-01-13,1.48,32.817,13.067,12.659,0.0,121.822,1078.39,Normal
1,2025-01-14,1.647,32.079,12.271,9.122,0.164,136.439,1460.801,Normal
1,2025-01-15,2.407,38.21,14.832,12.138,0.014,149.815,996.69,Normal
1,2025-01-16,0.925,29.242,11.544,9.729,0.0,159.325,1443.367,Normal
1,2025-01-17,1.56,31.08,11.742,9.907,0.0,112.319,1125.048,Normal
1,2025-01-18,1.445,26.118,10.367,9.552,0.0,146.924,1301.055,Normal
1,2025-01-19,1.568,28.149,11.16,10.952,0.103,162.28,1115.284,Normal
1,2025-01-20,1.249,29.622,11.662,10.223,0.0,188.663,1246.409,Normal
1,2025-01-21,1.74,34.245,12.102,9.063,0.243,164.842,941.433,Normal
1,2025-01-22,1.197,29.093,11.234,9.493,0.063,132.757,1135.028,Normal
1,2025-01-23,1.568,31.34,12.562,11.481,0.036,184.683,1180.845,Normal
1,2025-01-24,1.445,29.706,11.631,10.634,0.05,159.112,1083.044,Normal
1,2025-01-25,1.471,29.662,11.673,12.405,0.0,175.908,1440.806,Normal
1,2025-01-26,1.474,37.037,13.375,11.026,0.0,149.228,1210.567,Normal
1,2025-01-27,1.708,31.276,13.399,10.552,0.081,272.574,1279.749,Normal
1,2025-01-28,1.201,25.831,9.291,9.96,0.0,149.473,1185.515,Normal
1,2025-01-29,1.734,29.876,10.808,10.333,0.069,175.161,1082.139,Normal
1,2025-01-30,1.601,29.168,11.023,9.139,0.13,179.491,1348.763,Normal
1,2025-01-31,1.814,42.699,13.613,11.582,0.02,135.392,1014.946,Normal
1,2025-02-01,1.298,23.925,10.175,9.062,0.001,184.59,1365.775,Normal
1,2025-02-02,1.372,36.428,13.757,9.026,0.0,114.002,1183.777,Normal
1,2025-02-03,1.429,26.897,12.488,10.604,0.124,146.053,1053.523,Normal
1,2025-02-04,1.464,30.747,9.856,9.696,0.0,158.878,1107.367,Normal
1,2025-02-05,1.292,27.615,11.347,10.216,0.076,153.934,1153.772,Normal
1,2025-02-06,1.617,32.936,12.006,11.41,0.097,208.234,1574.463,Normal
1,2025-02-07,1.177,26.976,10.755,9.055,0.0,116.713,1163.029,Normal
1,2025-02-08,1.286,28.5,10.419,8.605,0.0,177.899,1324.587,Normal
1,2025-02-09,2.235,36.697,14.429,10.981,0.058,213.582,1041.295,Normal
1,2025-02-10,1.042,25.876,10.107,8.264,0.0,192.787,1111.129,Normal
1,2025-02-11,1.146,29.537,11.997,9.21,0.0,136.142,1221.027,Normal
1,2025-02-12,1.896,29.633,11.309,11.307,0.0,203.387,1019.957,Normal
1,2025-02-13,1.466,31.122,13.121,10.755,0.0,133.682,1276.807,Normal
1,2025-02-14,1.389,30.133,12.214,10.608,0.028,119.234,1121.489,Normal
1,2025-02-15,1.589,27.585,11.304,10.685,0.012,97.134,1023.378,Normal
1,2025-02-16,2.043,33.384,10.688,12.358,0.01,220.44,1301.487,Normal
1,2025-02-17,1.479,31.045,13.085,12.721,0.127,113.358,1270.826,Normal
1,2025-02-18,1.805,36.037,12.815,12.24,0.142,280.956,1076.302,Normal
1,2025-02-19,1.242,26.497,10.183,8.298,0.0,133.761,1305.544,Normal
1,2025-02-20,1.349,34.744,13.215,12.42,0.1,196.365,1240.03,Normal
1,2025-02-21,1.915,32.291,12.822,11.031,0.054,168.115,1656.349,Normal
1,2025-02-22,1.29,29.563,12.625,11.08,0.016,102.99,1223.165,Normal
1,2025-02-23,0.899,28.194,11.002,9.864,0.0,132.709,1252.988,Normal
1,2025-02-24,1.567,28.466,11.21,12.948,0.067,205.026,1355.261,Normal
1,2025-02-25,1.902,33.148,10.641,10.154,0.078,128.931,1153.26,Normal
1,2025-02-26,1.178,31.397,13.273,10.875,0.062,168.384,1256.431,Normal
1,2025-02-27,1.173,21.578,8.777,8.459,0.0,215.478,1502.49,Normal
1,2025-02-28,1.224,28.058,11.458,12.267,0.057,188.54,1096.109,Normal
1,2025-03-01,1.244,29.899,10.51,9.032,0.0,211.513,1173.007,Normal
1,2025-03-02,0.856,25.237,9.712,8.735,0.0,145.923,1362.787,Normal
1,2025-03-03,1.151,25.608,10.871,8.459,0.0,187.387,1386.882,Normal
1,2025-03-04,1.5,25.278,10.545,7.989,0.061,133.313,997.514,Normal
1,2025-03-05,1.313,28.936,10.606,10.621,0.0,202.211,1308.953,Normal
1,2025-03-06,1.277,25.868,9.081,9.216,0.0,99.448,1103.21,Normal
1,2025-03-07,1.229,32.641,11.122,8.717,0.08,229.949,1107.98,Normal
1,2025-03-08,1.313,29.15,9.592,8.213,0.0,201.655,1157.015,Normal
1,2025-03-09,1.508,33.256,15.492,10.515,0.156,217.793,982.164,Normal
1,2025-03-10,1.76,28.654,10.815,9.953,0.0,127.061,1312.127,Normal
1,2025-03-11,1.698,31.976,12.392,11.337,0.0,195.207,1338.111,Normal
1,2025-03-12,2.291,34.955,12.646,12.471,0.224,141.223,1119.35,Normal
1,2025-03-13,1.465,27.725,10.608,9.653,0.047,148.734,944.487,Normal
1,2025-03-14,0.94,22.697,8.312,8.074,0.0,144.527,1138.199,Normal
1,2025-03-15,1.433,33.997,13.872,10.772,0.055,152.861,1283.378,Normal
1,2025-03-16,1.632,27.774,10.765,8.009,0.05,188.925,1148.759,Normal
1,2025-03-17,2.007,32.133,12.529,11.431,0.079,153.771,1241.276,Normal
1,2025-03-18,1.605,35.498,13.292,11.943,0.0,188.835,1079.529,Normal
1,2025-03-19,1.761,38.348,14.09,9.202,0.108,197.687,1339.447,Normal
1,2025-03-20,1.465,31.502,12.608,12.271,0.115,206.757,1247.783,Normal
1,2025-03-21,1.729,30.633,11.154,11.971,0.0,179.276,1223.822,Normal
1,2025-03-22,1.233,28.013,12.493,9.869,0.0,152.493,1556.898,Normal
1,2025-03-23,1.432,24.847,11.312,9.882,0.021,152.985,1342.598,Normal
1,2025-03-24,1.298,32.583,12.679,10.429,0.024,158.597,1375.728,Normal
1,2025-03-25,1.235,23.201,9.843,9.273,0.0,175.544,1126.374,Normal
1,2025-03-26,1.744,33.028,11.972,10.361,0.258,115.276,1318.049,Normal
