transformer_id,date,h2,ch4,c2h4,c2h6,c2h2,co,co2,oil_temp,load_current,ambient_temp,fault_state
1,2024-04-01,1.641,3.079,1.881,41.141,0.0,157.431,709.323,35.85,191.75,1.92,Normal
1,2024-04-02,2.118,1.237,0.838,37.195,0.0,239.624,642.725,30.76,188.39,-3.43,Normal
1,2024-04-03,0.853,1.356,0.752,38.323,0.0,299.234,731.577,34.56,199.07,1.4,Normal
1,2024-04-04,0.546,1.77,1.607,65.771,0.0,227.501,601.24,28.3,132.18,-0.08,Normal
1,2024-04-05,3.216,0.624,1.136,88.489,0.0,222.614,664.067,32.63,141.26,-0.58,Normal
1,2024-04-06,9.957,0.464,2.921,36.318,0.0,157.112,706.974,35.33,207.43,0.09,Normal
1,2024-04-07,15.301,0.346,3.477,59.299,0.0,178.71,735.594,36.52,203.8,2.19,Normal
1,2024-04-08,7.691,0.0,9.747,17.683,0.0,186.212,676.066,32.53,180.73,-0.55,Normal
1,2024-04-09,6.182,0.077,10.814,6.628,0.0,233.393,525.657,36.81,195.4,-1.25,Normal
1,2024-04-10,3.252,0.0,5.227,13.268,0.746,111.148,446.942,34.57,195.52,-0.07,Normal
1,2024-04-11,3.538,1.003,2.254,14.437,0.867,247.29,230.981,35.08,141.08,1.98,Normal
1,2024-04-12,4.987,2.079,3.518,11.742,0.564,319.23,193.745,32.29,145.43,0.6,Normal
1,2024-04-13,3.282,4.837,3.174,8.283,0.798,363.006,280.206,35.02,207.19,-1.38,Normal
1,2024-04-14,4.669,3.503,2.192,21.255,0.057,430.647,356.522,36.54,190.29,-0.64,Normal
1,2024-04-15,10.029,1.164,2.582,25.063,0.0,542.328,493.479,34.02,201.49,-1.93,Normal
1,2024-04-16,4.127,2.344,3.453,16.476,0.741,460.527,661.865,34.03,199.83,-1.9,Normal
1,2024-04-17,5.735,0.588,4.602,15.994,0.563,880.579,646.362,36.92,192.38,4.6,Normal
1,2024-04-18,4.087,1.006,6.681,26.48,0.719,959.703,616.914,28.46,130.4,0.62,Normal
1,2024-04-19,1.364,0.848,16.77,46.349,0.0,860.667,1939.634,34.26,141.81,4.44,Thermal Fault 150-300℃
1,2024-04-20,1.966,0.483,43.395,146.189,0.0,2034.496,1152.835,32.84,186.83,-1.19,Thermal Fault 150-300℃
1,2024-04-21,5.169,4.524,34.209,284.447,0.0,998.316,787.331,37.51,207.17,3.34,Thermal Fault 150-300℃
1,2024-04-22,10.032,4.865,30.169,424.479,0.921,510.021,1469.8,37.46,207.77,-0.99,Thermal Fault 150-300℃
1,2024-04-23,1.908,0.665,22.624,327.12,1.294,302.337,661.756,34.15,200.93,-3.66,Thermal Fault 150-300℃
1,2024-04-24,1.642,0.778,7.224,143.236,1.784,845.878,729.922,35.33,213.68,2.76,Thermal Fault 150-300℃
1,2024-04-25,1.503,1.912,25.177,143.257,0.744,526.069,811.022,31.13,137.72,-2.02,Thermal Fault 150-300℃
1,2024-04-26,10.874,0.258,5.086,96.031,0.185,435.594,1407.123,31.46,148.65,1.82,Thermal Fault 150-300℃
1,2024-04-27,20.539,0.267,5.196,137.373,0.57,109.401,667.425,39.42,211.19,2.2,Thermal Fault 150-300℃
1,2024-04-28,83.819,0.399,6.043,121.115,0.444,74.607,2438.948,33.26,210.33,-0.78,Thermal Fault 150-300℃
1,2024-04-29,83.442,0.333,17.099,44.626,0.766,355.195,1339.88,34.5,200.59,1.24,Thermal Fault 150-300℃
1,2024-04-30,117.412,0.0,12.797,38.86,2.353,631.004,2605.186,33.31,203.47,0.81,Normal
1,2024-05-01,102.605,0.0,9.054,9.373,2.994,635.555,3374.267,34.85,199.12,5.55,Normal
1,2024-05-02,59.427,0.0,6.386,7.645,3.2,547.817,3004.9,32.32,130.25,2.93,Normal
1,2024-05-03,61.812,0.0,8.812,4.753,3.609,1027.185,1581.256,32.47,133.89,3.45,Normal
1,2024-05-04,74.936,0.114,14.689,0.772,1.732,632.986,1269.309,38.53,210.3,1.8,Normal
1,2024-05-05,34.357,1.328,18.643,0.0,0.776,866.975,508.935,34.99,193.16,0.73,Normal
1,2024-05-06,29.976,0.276,19.923,0.0,0.964,704.001,359.834,34.71,188.59,0.73,Normal
1,2024-05-07,45.451,0.707,8.567,0.0,1.321,1136.782,832.144,35.37,199.36,0.98,Normal
1,2024-05-08,79.049,1.645,4.588,0.042,0.956,2453.924,509.004,31.29,189.5,-0.68,Normal
1,2024-05-09,54.525,4.45,3.2,0.0,0.857,2076.749,793.268,31.59,131.54,2.1,Normal
1,2024-05-10,31.85,4.424,5.861,0.0,1.695,2165.726,805.846,33.3,129.79,0.91,Normal
1,2024-05-11,30.493,3.556,7.703,0.0,2.57,1063.871,469.908,35.82,186.89,4.24,Normal
1,2024-05-12,25.526,4.102,3.101,0.0,1.598,1001.96,243.264,35.53,196.11,1.13,Normal
1,2024-05-13,33.355,3.0,7.327,0.0,1.585,776.336,244.982,34.23,198.88,2.05,Normal
1,2024-05-14,37.527,2.902,6.47,0.0,1.308,627.948,287.299,34.54,215.67,0.96,Normal
1,2024-05-15,48.169,3.383,8.63,0.0,1.163,948.511,269.929,33.02,186.59,0.63,Normal
1,2024-05-16,20.323,3.98,9.905,0.0,1.292,707.058,160.124,33.91,151.29,3.45,Normal
1,2024-05-17,13.383,4.391,8.122,0.0,0.0,768.337,174.373,34.59,150.49,1.84,Normal
1,2024-05-18,10.858,9.164,11.873,0.0,0.0,858.406,78.827,38.42,198.1,2.32,Normal
1,2024-05-19,9.42,5.923,14.326,0.0,0.0,1322.235,47.717,37.13,216.99,7.31,Normal
1,2024-05-20,4.592,2.849,18.498,0.0,0.0,1461.215,35.954,35.54,202.45,1.33,Normal
1,2024-05-21,3.275,3.732,14.717,0.0,0.0,758.97,52.573,37.06,203.12,3.28,Normal
1,2024-05-22,2.813,4.789,9.64,0.0,0.0,750.736,67.716,36.53,200.19,4.6,Normal
1,2024-05-23,1.668,3.942,5.285,0.0,0.0,959.536,93.168,31.62,135.53,3.36,Normal
1,2024-05-24,1.507,1.912,8.547,0.0,0.0,887.789,142.12,35.53,144.41,5.1,Normal
1,2024-05-25,3.249,2.842,12.036,0.0,0.031,1428.708,137.765,37.42,206.41,4.14,Normal
1,2024-05-26,5.198,6.223,12.63,0.0,2.101,708.167,116.883,35.92,216.46,7.33,Normal
1,2024-05-27,5.779,3.784,13.733,0.0,1.953,1110.746,105.8,38.7,192.87,5.58,Normal
1,2024-05-28,8.061,6.163,21.211,0.0,7.731,1760.456,186.81,35.6,191.08,2.11,Normal
1,2024-05-29,13.681,2.411,26.365,0.0,5.155,1026.36,126.227,35.92,177.74,4.77,Normal
1,2024-05-30,16.707,3.514,29.29,0.0,3.74,576.493,159.293,33.56,146.6,4.9,Normal
1,2024-05-31,7.462,2.467,10.185,0.0,1.13,359.492,71.541,31.51,145.72,3.23,Normal
1,2024-06-01,3.076,3.976,11.742,0.0,2.613,294.29,71.611,37.85,213.4,7.84,Normal
1,2024-06-02,0.764,3.56,11.859,0.0,2.316,295.036,110.358,41.12,216.65,10.17,Normal
1,2024-06-03,0.394,8.316,11.853,0.0,2.109,345.935,74.679,36.33,184.29,3.5,Normal
1,2024-06-04,1.995,6.682,11.99,0.0,2.548,261.925,41.419,37.09,216.42,4.81,Normal
1,2024-06-05,8.187,4.062,10.274,0.0,3.098,465.061,48.136,34.2,200.05,0.57,Normal
1,2024-06-06,4.851,5.37,15.549,0.0,0.852,508.809,44.559,30.61,137.07,2.35,Normal
1,2024-06-07,6.736,8.358,72.975,0.0,0.204,454.256,114.156,32.16,140.31,4.89,Partial Discharge (Low)
1,2024-06-08,33.982,1.703,58.53,0.0,0.0,1077.892,40.072,37.38,208.39,6.94,Partial Discharge (Low)
1,2024-06-09,10.801,10.324,12.31,0.484,0.0,1399.568,6.994,36.31,197.34,3.53,Partial Discharge (Low)
1,2024-06-10,10.462,33.72,5.429,1.028,0.0,1477.883,12.133,39.93,204.96,5.13,Partial Discharge (Low)
1,2024-06-11,8.552,29.959,5.556,0.0,0.0,1114.055,20.689,37.07,201.39,5.64,Normal
1,2024-06-12,4.702,21.706,7.75,0.144,0.0,517.521,25.014,39.35,187.31,10.38,Normal
1,2024-06-13,3.089,10.688,2.832,0.12,0.0,567.945,66.975,37.27,130.61,14.35,Normal
1,2024-06-14,1.71,3.347,1.016,0.0,0.0,400.429,111.062,34.8,136.67,8.98,Normal
1,2024-06-15,2.504,0.677,0.626,0.0,0.0,398.756,120.323,41.29,225.85,9.0,Normal
1,2024-06-16,4.304,0.46,0.927,0.0,0.0,239.757,157.484,36.49,206.81,7.26,Normal
1,2024-06-17,2.86,0.3,3.683,0.0,0.0,127.541,254.503,38.86,197.69,6.86,Normal
1,2024-06-18,2.952,0.0,2.387,0.0,0.0,100.672,324.607,38.83,196.15,7.62,Normal
1,2024-06-19,2.378,0.0,1.67,0.0,0.0,61.583,250.641,35.06,187.22,7.63,Normal
1,2024-06-20,0.878,0.0,3.209,0.0,0.0,73.207,440.46,37.09,138.1,9.92,Normal
1,2024-06-21,0.028,0.929,4.823,0.0,0.15,308.551,2377.382,36.2,149.85,14.21,Thermal Fault 300-700℃
1,2024-06-22,6.254,2.587,2.452,1.538,1.583,346.25,1179.254,37.59,197.34,11.26,Thermal Fault 300-700℃
1,2024-06-23,14.304,5.945,4.066,5.496,3.246,196.0,2669.762,41.4,221.2,9.95,Thermal Fault 300-700℃
1,2024-06-24,15.894,25.864,19.076,43.747,1.551,467.383,11447.967,42.25,211.09,13.32,Thermal Fault 300-700℃
1,2024-06-25,20.478,7.194,7.245,109.967,2.244,825.793,23183.598,41.03,182.74,12.52,Thermal Fault 300-700℃
1,2024-06-26,9.962,5.293,11.48,58.97,2.406,973.202,7773.993,38.21,191.29,9.93,Normal
1,2024-06-27,7.076,5.602,14.915,27.476,1.742,882.784,3364.813,37.29,156.71,12.53,Normal
1,2024-06-28,7.043,14.467,15.019,18.965,1.883,790.166,2827.68,39.3,141.26,11.68,Normal
1,2024-06-29,5.982,11.533,18.966,23.608,2.155,365.434,1686.84,38.17,206.41,8.75,Normal
1,2024-06-30,4.687,12.203,17.364,17.321,0.21,236.848,1143.313,38.92,202.98,13.12,Normal
1,2024-07-01,4.133,3.959,17.847,12.971,0.306,229.469,793.519,39.76,218.04,12.24,Normal
1,2024-07-02,2.592,0.928,16.685,7.477,0.0,260.122,513.799,41.25,199.86,14.81,Thermal Fault <300℃
1,2024-07-03,2.76,0.269,43.905,31.004,1.763,425.656,689.139,37.89,202.48,13.7,Thermal Fault <300℃
1,2024-07-04,1.571,0.0,33.091,36.488,0.303,855.144,683.793,31.8,139.26,9.43,Thermal Fault <300℃
1,2024-07-05,1.315,1.677,39.385,83.064,0.347,950.109,984.336,34.98,143.38,12.13,Thermal Fault <300℃
1,2024-07-06,9.434,0.0,53.88,25.299,0.19,661.664,2985.019,41.07,203.06,12.35,Thermal Fault <300℃
1,2024-07-07,9.413,0.58,192.02,23.561,0.0,414.975,4385.938,43.33,220.3,16.43,Thermal Fault <300℃
1,2024-07-08,6.516,1.584,64.453,48.134,0.0,152.852,3999.645,43.38,211.49,14.82,Thermal Fault <300℃
1,2024-07-09,7.597,6.93,25.453,41.354,0.0,500.989,5287.373,43.69,200.52,16.13,Thermal Fault <300℃
1,2024-07-10,8.992,5.256,11.297,60.813,0.366,447.452,4221.022,42.96,203.37,16.05,Thermal Fault <300℃
1,2024-07-11,6.815,4.63,6.413,137.783,0.403,544.574,2324.915,36.17,137.57,12.44,Normal
1,2024-07-12,7.158,2.395,9.284,60.294,0.0,528.999,1943.354,36.85,138.13,16.35,Normal
1,2024-07-13,4.851,1.692,8.926,47.068,0.0,359.994,1794.34,38.29,202.21,11.43,Normal
1,2024-07-14,8.913,1.868,4.13,51.342,0.145,181.283,1115.994,41.28,198.29,15.33,Normal
1,2024-07-15,4.589,1.758,1.464,75.605,0.0,120.793,733.622,42.16,192.75,18.14,Normal
1,2024-07-16,5.293,1.327,1.84,103.616,0.0,106.125,1212.446,46.32,210.2,20.08,Normal
1,2024-07-17,8.003,0.551,0.69,50.413,0.083,141.922,519.242,40.14,209.19,13.34,Normal
1,2024-07-18,5.173,0.734,0.698,94.118,0.766,99.983,1023.504,38.39,142.25,15.83,Normal
1,2024-07-19,8.411,0.374,0.461,61.537,0.992,77.778,1293.736,37.18,135.09,14.43,Normal
1,2024-07-20,6.639,0.238,0.0,49.175,0.0,175.41,805.829,43.31,214.93,16.25,Normal
1,2024-07-21,8.746,0.151,0.0,19.483,0.0,148.897,1252.649,40.3,185.26,18.77,Normal
1,2024-07-22,3.493,0.01,0.0,15.477,0.0,116.294,1690.744,44.69,209.57,18.67,Normal
1,2024-07-23,2.946,0.231,0.0,18.853,0.0,135.091,739.919,41.24,201.24,18.74,Normal
1,2024-07-24,6.546,0.095,0.0,28.604,0.0,151.497,634.183,41.61,207.04,16.68,Normal
1,2024-07-25,4.445,0.018,0.317,17.053,0.0,115.557,1417.178,35.73,144.7,15.1,Normal
1,2024-07-26,10.387,0.0,0.32,12.263,0.0,256.668,1183.996,39.64,138.37,19.42,Normal
1,2024-07-27,17.376,0.0,0.144,22.462,0.0,204.537,2371.922,45.02,224.65,18.71,Normal
1,2024-07-28,20.751,0.0,0.69,21.766,0.0,313.024,2530.115,45.12,235.37,20.15,Normal
1,2024-07-29,17.875,0.424,0.0,23.882,0.0,236.071,4863.079,42.18,197.48,19.46,Normal
1,2024-07-30,9.099,0.956,0.032,32.041,0.0,206.712,2399.064,43.87,208.0,21.33,Normal
1,2024-07-31,9.367,1.194,0.0,63.25,0.0,186.581,2083.455,43.62,201.82,18.82,Normal
1,2024-08-01,12.227,1.191,0.01,50.841,0.0,212.301,1882.54,41.14,140.35,18.2,Normal
1,2024-08-02,10.093,0.196,0.085,63.742,0.0,421.216,1906.966,38.23,151.19,18.96,Normal
1,2024-08-03,4.94,0.198,0.151,26.562,0.0,504.613,3401.646,40.7,205.73,18.01,Normal
1,2024-08-04,2.343,0.377,0.0,25.714,0.0,440.505,3284.479,46.09,197.25,23.46,Normal
1,2024-08-05,2.457,0.445,0.0,16.157,0.0,484.249,2151.253,46.59,208.93,22.85,Normal
1,2024-08-06,1.38,0.0,0.182,10.354,0.0,640.214,1575.63,45.11,186.57,22.74,Normal
1,2024-08-07,2.507,0.0,0.003,21.173,0.236,426.765,2580.581,42.97,208.83,19.22,Normal
1,2024-08-08,3.115,0.0,2.13,18.212,2.632,429.62,2195.655,40.88,136.17,20.95,Normal
1,2024-08-09,1.361,0.0,2.96,19.768,1.59,713.974,2710.136,38.78,146.36,21.09,Normal
1,2024-08-10,1.114,0.0,1.737,21.704,0.262,377.562,2234.21,45.28,195.44,21.74,Normal
1,2024-08-11,2.775,0.0,2.21,21.874,0.62,88.618,3244.321,44.46,223.39,21.86,Normal
1,2024-08-12,3.019,0.0,2.38,18.945,0.543,69.063,1355.859,46.24,209.82,22.29,Normal
1,2024-08-13,4.144,0.0,0.605,34.651,0.074,89.594,831.899,46.77,205.94,24.26,Normal
1,2024-08-14,8.056,0.0,0.262,39.897,0.0,85.196,788.918,45.4,238.2,20.62,Normal
1,2024-08-15,4.085,0.0,0.016,68.371,0.0,51.115,1025.796,41.47,152.7,21.42,Normal
1,2024-08-16,1.86,0.189,0.0,67.15,0.0,72.013,1249.965,41.78,145.99,24.82,Normal
1,2024-08-17,1.168,1.39,0.0,58.494,0.07,65.952,1168.344,44.19,212.54,23.32,Normal
1,2024-08-18,1.468,2.24,0.0,46.894,0.0,101.199,755.042,46.79,198.55,24.55,Normal
1,2024-08-19,2.272,0.97,0.0,25.472,0.0,60.017,820.105,43.21,224.92,23.3,Normal
1,2024-08-20,2.81,0.859,0.0,39.413,0.0,52.318,898.02,43.57,195.06,23.37,Normal
1,2024-08-21,1.066,1.304,0.0,25.529,0.375,50.665,1438.663,46.4,207.83,24.76,Normal
1,2024-08-22,1.895,0.761,0.0,30.444,0.052,46.42,2279.11,40.15,151.11,23.81,Normal
1,2024-08-23,2.186,0.715,0.0,48.089,0.0,74.4,1961.211,38.88,141.84,24.92,Normal
1,2024-08-24,2.535,0.045,0.0,57.066,0.0,137.242,1168.35,43.12,190.42,25.66,Normal
1,2024-08-25,4.146,0.0,0.0,24.726,0.0,111.03,4016.451,46.3,195.24,25.25,Normal
1,2024-08-26,3.845,0.0,0.583,25.276,0.0,71.539,3277.937,44.98,201.18,26.9,Normal
1,2024-08-27,6.377,0.0,0.046,19.273,0.0,157.168,8352.569,43.39,191.12,25.92,Normal
1,2024-08-28,12.665,0.0,0.0,23.955,0.0,91.835,2245.55,43.33,190.45,23.12,Normal
1,2024-08-29,9.937,0.0,1.532,91.399,0.0,41.115,2640.057,44.89,156.1,28.79,Discharge of Low Energy
1,2024-08-30,18.324,0.911,7.613,282.237,0.0,99.579,5555.319,41.21,139.15,24.6,Discharge of Low Energy
1,2024-08-31,19.334,7.109,7.481,150.195,0.0,164.056,5226.936,46.67,188.53,25.74,Discharge of Low Energy
1,2024-09-01,8.333,5.676,8.197,135.389,0.067,409.609,3878.297,48.84,196.39,32.17,Discharge of Low Energy
1,2024-09-02,6.87,6.287,4.471,615.96,1.165,215.992,4750.405,48.3,178.42,29.1,Discharge of Low Energy
1,2024-09-03,25.694,8.862,6.775,1041.484,1.935,114.199,1623.631,45.74,191.9,27.72,Discharge of Low Energy
1,2024-09-04,59.215,10.722,21.514,1938.386,1.822,94.798,710.826,44.47,196.25,25.17,Discharge of Low Energy
1,2024-09-05,41.581,14.373,29.132,1482.9,0.0,64.245,137.379,42.97,144.46,30.05,Discharge of Low Energy
1,2024-09-06,60.196,22.051,14.275,381.735,2.56,123.857,43.899,41.98,152.77,26.91,Discharge of Low Energy
1,2024-09-07,62.252,26.914,169.344,126.493,1.71,217.095,258.043,44.93,216.01,25.76,Discharge of Low Energy
1,2024-09-08,40.585,25.163,68.631,76.869,1.904,259.862,365.055,46.15,204.09,27.82,Normal
1,2024-09-09,12.508,18.008,35.615,81.383,0.272,300.314,212.466,47.87,205.22,30.56,Normal
1,2024-09-10,12.294,13.375,36.846,52.284,1.521,377.255,188.91,44.69,195.97,28.09,Normal
1,2024-09-11,5.301,13.664,34.854,22.021,1.972,545.207,126.931,47.35,201.86,27.89,Normal
1,2024-09-12,3.738,10.986,32.491,24.078,3.569,318.248,103.216,40.1,135.62,26.23,Normal
1,2024-09-13,2.836,8.783,49.924,19.518,2.313,153.035,140.102,46.08,142.06,30.77,Normal
1,2024-09-14,3.507,5.586,31.706,11.112,3.438,187.245,177.082,43.1,194.66,27.85,Normal
1,2024-09-15,3.039,2.685,22.982,14.1,3.304,227.471,95.568,45.73,207.66,25.79,Normal
1,2024-09-16,1.242,2.264,20.679,30.115,2.435,511.768,159.483,47.54,198.48,30.82,Normal
1,2024-09-17,0.162,1.461,11.458,31.835,1.885,785.112,84.158,45.14,206.8,26.76,Normal
1,2024-09-18,0.0,1.168,12.563,12.958,1.252,584.818,70.82,45.88,196.21,29.44,Normal
1,2024-09-19,0.883,0.062,9.109,10.129,2.007,405.367,216.852,43.84,133.88,28.94,Normal
1,2024-09-20,0.351,0.302,7.743,8.613,2.154,600.796,239.102,43.24,135.01,29.0,Normal
1,2024-09-21,0.001,0.737,17.248,11.766,2.241,402.643,484.831,44.05,187.15,29.06,Normal
1,2024-09-22,0.0,0.74,17.874,7.767,1.183,329.748,484.569,49.45,189.11,33.25,Normal
1,2024-09-23,0.0,0.0,15.097,12.269,0.601,316.009,295.257,44.47,198.12,28.43,Normal
1,2024-09-24,0.482,0.0,9.261,7.696,0.0,444.886,210.291,48.11,192.67,31.99,Normal
1,2024-09-25,1.076,0.0,3.409,7.215,0.0,360.037,158.48,44.83,209.5,29.2,Normal
1,2024-09-26,0.321,0.0,1.336,3.533,0.0,405.192,123.721,47.3,136.07,29.95,Normal
1,2024-09-27,0.0,0.625,1.641,3.366,0.226,450.288,320.522,40.83,132.49,26.39,Normal
1,2024-09-28,0.664,0.707,3.817,2.411,0.228,604.182,280.5,45.43,176.28,32.09,Normal
1,2024-09-29,1.482,0.925,5.149,2.128,2.222,333.527,215.203,45.34,201.45,30.8,Normal
1,2024-09-30,3.373,0.433,2.578,1.994,5.003,526.58,186.434,46.37,194.52,28.6,Normal
1,2024-10-01,2.245,0.0,3.064,0.685,3.043,480.177,194.451,45.37,174.81,32.6,Normal
1,2024-10-02,0.737,0.0,2.292,0.807,2.197,268.407,190.956,43.88,184.15,27.69,Normal
1,2024-10-03,0.372,0.872,2.617,2.233,1.871,204.781,591.405,43.99,136.9,33.56,Normal
1,2024-10-04,0.0,1.31,3.306,2.746,2.137,91.148,439.635,42.85,142.22,29.72,Normal
1,2024-10-05,0.31,2.21,3.365,1.616,0.303,60.918,197.1,44.98,189.06,30.01,Normal
1,2024-10-06,1.131,3.069,3.566,0.713,0.29,77.922,115.766,46.18,189.8,30.54,Normal
1,2024-10-07,1.196,5.937,1.468,0.639,0.303,200.043,191.346,50.37,185.66,32.07,Normal
1,2024-10-08,1.8,9.38,1.427,0.808,0.0,166.61,211.086,48.0,198.94,30.77,Normal
1,2024-10-09,0.985,5.083,4.005,3.288,0.901,150.594,127.895,44.16,192.16,30.66,Normal
1,2024-10-10,1.866,5.147,0.814,1.296,1.737,207.57,144.347,42.43,134.39,32.32,Normal
1,2024-10-11,5.275,3.227,0.229,2.91,2.254,239.033,80.011,43.69,136.56,31.0,Normal
1,2024-10-12,2.176,2.682,0.833,4.353,1.839,179.561,117.679,45.34,196.76,30.85,Normal
1,2024-10-13,2.722,4.199,1.293,6.811,2.404,144.347,182.567,49.63,201.2,29.45,Normal
1,2024-10-14,4.667,7.121,1.417,7.219,3.159,181.114,240.549,44.78,192.0,29.23,Normal
1,2024-10-15,5.127,8.191,2.151,6.141,5.177,139.25,199.278,48.59,196.78,31.26,Normal
1,2024-10-16,3.895,7.735,1.404,3.251,8.33,286.33,82.63,48.24,197.89,31.05,Normal
1,2024-10-17,3.158,20.43,1.129,2.416,11.735,149.856,96.59,44.55,140.46,29.96,Normal
1,2024-10-18,1.713,8.51,0.967,0.832,6.496,55.603,77.572,41.35,136.35,26.78,Normal
1,2024-10-19,2.137,9.838,0.168,0.307,6.424,52.036,70.364,45.14,178.33,28.07,Normal
1,2024-10-20,4.664,3.301,1.914,0.075,3.555,42.475,107.354,46.44,182.45,26.84,Partial Discharge (Low)
1,2024-10-21,6.754,1.472,1.243,0.066,1.859,33.489,194.288,44.41,178.15,30.07,Normal
1,2024-10-22,8.903,2.578,1.414,1.075,1.383,50.747,257.218,47.0,200.3,28.8,Normal
1,2024-10-23,18.309,0.928,1.519,1.585,1.947,62.657,293.18,45.93,179.25,31.27,Normal
1,2024-10-24,16.23,1.081,1.648,3.796,3.022,93.139,366.902,42.13,135.58,28.46,Normal
1,2024-10-25,12.902,0.788,0.785,3.326,1.671,89.699,366.061,43.64,120.98,29.51,Normal
1,2024-10-26,16.527,1.228,1.148,3.092,1.572,131.276,325.319,43.4,180.14,27.65,Normal
1,2024-10-27,12.906,2.224,0.114,5.867,0.259,109.777,749.425,47.59,192.4,30.23,Normal
1,2024-10-28,19.681,1.685,0.0,5.803,0.393,91.476,1051.369,40.73,178.69,27.2,Normal
1,2024-10-29,4.589,1.175,0.0,5.867,1.061,138.811,1335.905,48.03,189.82,30.22,Normal
1,2024-10-30,1.818,0.217,0.0,3.177,1.831,114.693,1456.592,47.19,192.46,32.37,Normal
1,2024-10-31,4.78,0.746,0.0,4.249,0.226,95.39,1454.843,45.2,139.98,31.56,Normal
1,2024-11-01,4.415,2.586,0.091,0.981,0.0,185.951,2471.465,44.6,126.79,28.88,Normal
1,2024-11-02,6.293,3.187,0.0,4.89,0.0,186.094,5158.598,44.45,184.33,27.18,Normal
1,2024-11-03,4.328,3.774,0.0,6.555,0.045,143.17,5951.978,44.66,186.78,26.94,Normal
1,2024-11-04,4.189,8.496,0.0,7.293,0.0,285.127,4328.541,47.68,174.25,34.01,Normal
1,2024-11-05,5.004,7.003,0.0,12.551,0.0,202.68,2542.438,43.54,185.03,27.04,Normal
1,2024-11-06,9.073,6.898,0.0,9.576,0.0,271.84,2129.481,48.77,185.8,30.02,Normal
1,2024-11-07,11.522,5.469,0.0,8.781,0.0,387.947,2608.748,43.62,138.61,28.63,Normal
1,2024-11-08,19.486,3.336,0.0,6.225,0.0,230.267,4284.38,43.57,132.59,28.95,Normal
1,2024-11-09,13.444,4.43,0.0,23.553,0.0,252.997,7095.465,48.73,198.03,29.91,Normal
1,2024-11-10,36.805,3.161,0.0,12.137,0.079,280.732,8520.218,46.01,201.54,26.76,Normal
1,2024-11-11,68.59,5.353,0.0,16.545,0.362,242.262,6603.27,45.55,171.43,26.44,Normal
1,2024-11-12,60.987,7.202,0.0,16.957,0.101,156.903,12311.599,46.92,199.87,29.78,Normal
1,2024-11-13,46.062,9.565,0.0,47.086,1.603,84.582,24243.552,44.8,179.68,29.37,Discharge of Low Energy
1,2024-11-14,41.192,23.689,0.698,83.915,0.855,45.884,6658.352,38.72,126.5,25.07,Discharge of Low Energy
1,2024-11-15,33.222,78.054,0.336,95.62,2.149,46.752,22435.717,41.12,127.86,24.12,Discharge of Low Energy
1,2024-11-16,17.492,59.181,24.663,85.926,6.38,32.494,28238.266,45.42,177.72,24.95,Discharge of Low Energy
1,2024-11-17,68.025,53.722,53.597,107.449,9.712,33.972,59982.368,44.68,173.86,28.09,Discharge of Low Energy
1,2024-11-18,25.865,120.565,167.868,193.692,8.853,19.57,27068.652,48.67,191.82,28.85,Discharge of Low Energy
1,2024-11-19,13.259,257.645,354.471,84.132,36.003,28.24,15767.442,43.72,190.49,22.62,Discharge of Low Energy
1,2024-11-20,6.175,346.054,259.739,297.908,40.945,17.082,8896.684,47.41,198.57,23.29,Discharge of Low Energy
1,2024-11-21,11.429,114.157,361.544,411.03,51.961,8.955,17767.307,42.08,142.24,23.87,Discharge of Low Energy
1,2024-11-22,42.113,202.226,312.802,347.531,30.016,11.282,5335.132,42.66,127.15,25.95,Discharge of Low Energy
1,2024-11-23,15.91,130.051,395.49,776.24,137.59,16.844,4816.952,45.77,182.42,28.02,Discharge of Low Energy
1,2024-11-24,34.503,73.754,1143.874,377.862,76.242,21.608,1656.503,45.65,185.76,27.19,Discharge of Low Energy
1,2024-11-25,7.702,89.197,1820.255,1137.359,438.378,15.848,3500.559,47.37,182.54,26.34,Discharge of Low Energy
1,2024-11-26,9.745,103.804,2073.27,2192.193,253.554,38.798,1330.909,43.77,170.07,25.81,Discharge of Low Energy
1,2024-11-27,34.981,60.835,1769.342,1773.366,143.193,42.564,678.356,43.84,202.35,28.17,Discharge of Low Energy
1,2024-11-28,20.984,58.77,641.807,1326.939,112.181,76.274,515.242,41.63,124.14,24.24,Normal
1,2024-11-29,12.964,49.452,485.951,767.391,69.157,30.558,844.602,40.57,135.1,24.76,Normal
1,2024-11-30,18.332,24.298,150.42,291.426,42.067,47.59,1674.998,44.25,182.97,23.43,Normal
1,2024-12-01,18.177,4.119,62.337,143.475,33.109,54.668,1852.143,46.28,197.44,25.9,Normal
1,2024-12-02,6.244,3.522,26.955,92.993,22.518,45.898,2422.979,43.52,179.09,23.34,Normal
1,2024-12-03,4.554,0.744,22.473,49.158,21.954,58.416,1660.038,46.05,186.78,27.57,Normal
1,2024-12-04,3.353,0.0,24.135,19.997,8.201,63.591,3183.205,45.24,185.86,24.33,Normal
1,2024-12-05,1.8,0.776,10.292,12.207,6.25,55.669,2757.92,39.06,124.33,20.07,Normal
1,2024-12-06,1.651,0.74,10.435,9.76,6.255,69.226,2133.83,39.79,126.36,22.08,Normal
1,2024-12-07,2.583,1.041,9.155,8.51,5.568,112.436,1319.947,42.95,172.98,20.51,Normal
1,2024-12-08,0.0,0.232,11.107,1.876,4.343,76.388,1220.152,44.57,192.45,23.49,Normal
1,2024-12-09,1.306,2.68,13.906,0.292,2.605,257.368,1145.175,44.25,193.02,24.88,Normal
1,2024-12-10,3.512,9.421,17.103,0.528,5.459,262.298,750.571,43.97,169.86,24.35,Normal
1,2024-12-11,5.139,4.087,4.552,1.848,4.403,394.659,639.135,45.45,182.63,20.88,Normal
1,2024-12-12,3.552,2.125,6.59,2.311,3.873,371.552,1090.2,42.28,129.48,26.31,Normal
1,2024-12-13,3.64,3.939,3.278,1.806,3.105,144.325,645.982,42.38,117.01,22.2,Normal
1,2024-12-14,0.704,4.351,2.348,2.363,3.041,167.875,803.714,45.84,179.6,24.74,Normal
1,2024-12-15,0.41,6.258,1.784,4.704,1.363,178.559,1389.374,42.99,191.79,21.91,Normal
1,2024-12-16,0.138,12.121,0.958,0.646,3.747,190.324,1253.123,41.41,172.21,17.3,Normal
1,2024-12-17,0.092,9.274,0.83,0.596,1.735,232.654,1142.491,41.95,182.03,21.31,Normal
1,2024-12-18,0.0,3.973,1.1,0.57,1.714,212.941,1323.939,42.64,184.69,22.4,Normal
1,2024-12-19,0.0,1.437,1.158,0.287,1.186,87.053,1369.192,38.87,121.2,18.41,Normal
1,2024-12-20,0.0,0.799,2.077,0.526,0.829,113.204,1802.311,39.6,121.11,19.66,Normal
1,2024-12-21,0.0,0.073,1.149,2.992,0.999,181.835,3385.264,42.66,188.08,20.21,Normal
1,2024-12-22,0.0,0.0,0.118,2.311,1.49,175.949,3119.502,40.9,176.8,16.01,Normal
1,2024-12-23,0.0,0.0,1.231,1.333,0.823,217.785,2656.85,42.62,188.15,18.99,Normal
1,2024-12-24,0.0,0.0,1.328,2.353,1.181,286.545,4912.14,41.36,191.78,17.47,Normal
1,2024-12-25,0.245,0.0,1.681,1.974,0.036,355.735,4560.346,37.58,178.12,13.57,Normal
1,2024-12-26,0.0,0.0,0.763,0.183,0.0,131.699,4030.901,40.52,129.48,17.65,Normal
1,2024-12-27,0.0,0.0,0.183,0.0,0.0,220.539,5116.941,43.22,145.55,20.89,Normal
1,2024-12-28,0.0,0.0,1.307,0.0,0.0,118.229,2211.209,42.85,204.64,17.73,Normal
1,2024-12-29,0.0,0.0,1.867,0.0,0.527,201.794,1131.318,38.7,176.56,15.96,Normal
1,2024-12-30,0.0,0.0,0.915,0.0,0.0,159.289,1000.614,40.63,195.51,16.89,Normal
1,2024-12-31,0.363,0.0,1.065,0.418,0.066,221.483,1516.138,41.8,181.95,16.99,Normal
1,2025-01-01,0.065,0.0,0.0,0.517,0.0,238.141,1001.586,41.07,194.92,16.49,Normal
1,2025-01-02,0.0,0.0,1.21,0.0,0.287,207.791,1488.991,38.4,125.77,15.89,Normal
1,2025-01-03,1.042,0.0,0.0,0.0,0.0,236.945,1837.989,39.46,128.93,15.34,Normal
1,2025-01-04,0.0,0.0,1.281,0.239,0.0,88.74,2090.189,40.79,177.33,15.71,Normal
1,2025-01-05,0.0,0.0,1.446,0.0,0.0,137.223,3853.254,41.23,179.98,14.32,Normal
1,2025-01-06,0.519,0.0,0.763,0.0,0.132,51.648,1906.257,40.0,174.03,17.45,Normal
1,2025-01-07,0.103,0.177,1.001,0.0,0.039,100.048,1223.3,40.1,183.75,15.18,Normal
1,2025-01-08,1.387,0.919,0.801,0.0,0.229,87.051,1488.451,39.82,187.36,12.19,Normal
1,2025-01-09,0.499,0.0,0.781,0.0,0.0,65.883,863.255,41.57,132.1,14.58,Normal
1,2025-01-10,1.374,0.034,0.441,0.0,0.0,68.369,1072.146,37.93,115.39,15.03,Normal
1,2025-01-11,0.073,0.0,0.0,0.0,0.0,104.945,1023.573,41.71,189.04,12.63,Normal
1,2025-01-12,0.272,0.0,0.932,0.0,0.0,133.02,409.347,40.4,174.91,12.97,Normal
1,2025-01-13,0.0,0.0,1.343,0.227,0.0,172.047,234.923,40.54,197.35,15.07,Normal
1,2025-01-14,0.0,0.0,0.633,0.37,0.0,162.338,400.272,40.96,176.3,14.92,Normal
1,2025-01-15,0.277,0.58,1.418,1.145,0.0,310.657,109.15,38.64,176.95,11.49,Partial Discharge (Low)
1,2025-01-16,1.23,0.0,1.004,2.082,0.0,260.501,119.817,40.51,134.71,16.42,Partial Discharge (Low)
1,2025-01-17,2.178,0.086,0.097,2.019,0.0,657.006,133.65,38.24,131.32,13.18,Partial Discharge (Low)
1,2025-01-18,1.037,1.253,0.796,2.756,0.0,567.772,128.683,38.53,199.28,11.74,Normal
1,2025-01-19,0.61,3.621,1.011,6.692,0.0,627.843,435.453,39.83,180.29,14.07,Normal
1,2025-01-20,2.166,4.51,0.291,11.48,0.0,436.879,437.718,38.66,179.99,13.15,Normal
1,2025-01-21,1.341,3.683,1.944,41.105,0.0,242.654,368.634,39.79,183.45,9.29,Thermal Fault <300℃
1,2025-01-22,3.487,2.86,2.017,34.202,0.0,280.331,631.456,41.03,184.17,12.81,Thermal Fault <300℃
1,2025-01-23,4.639,1.503,6.221,50.742,0.0,1207.316,840.43,32.95,122.93,11.42,Thermal Fault <300℃
1,2025-01-24,5.681,1.137,12.908,90.738,0.0,644.945,1078.276,36.64,135.07,12.49,Thermal Fault <300℃
1,2025-01-25,12.214,2.385,20.039,109.23,0.109,293.764,1327.734,37.66,185.43,9.91,Thermal Fault <300℃
1,2025-01-26,12.405,1.713,9.802,198.668,0.0,98.868,4671.869,40.79,189.2,12.58,Thermal Fault <300℃
1,2025-01-27,14.384,5.337,19.273,67.294,0.0,38.403,10594.71,41.59,206.1,12.32,Thermal Fault <300℃
1,2025-01-28,7.549,9.56,22.275,26.838,0.0,88.036,8520.762,35.32,178.42,10.43,Thermal Fault <300℃
1,2025-01-29,32.228,30.927,31.092,54.246,0.0,111.4,5149.767,36.56,178.65,12.69,Thermal Fault <300℃
1,2025-01-30,5.346,11.293,17.161,34.919,0.0,99.656,11882.635,37.41,130.02,11.23,Thermal Fault <300℃
1,2025-01-31,2.324,26.916,1.235,19.701,0.0,148.391,21904.712,34.46,137.86,12.58,Thermal Fault <300℃
1,2025-02-01,2.093,23.033,2.176,24.928,0.236,396.841,11590.06,37.98,169.69,9.93,Thermal Fault <300℃
1,2025-02-02,6.744,10.423,5.241,55.707,0.049,263.341,4820.218,38.5,189.99,10.2,Thermal Fault <300℃
1,2025-02-03,5.88,6.334,2.822,61.094,0.0,53.753,4168.745,39.57,187.76,9.13,Thermal Fault <300℃
1,2025-02-04,4.412,3.401,1.203,26.542,0.385,136.162,4789.982,35.54,197.68,10.19,Thermal Fault <300℃
1,2025-02-05,1.694,3.196,2.751,37.736,1.786,323.934,4547.988,36.22,181.61,7.23,Thermal Fault <300℃
1,2025-02-06,1.376,6.52,3.918,14.696,3.386,452.504,15006.679,32.32,120.9,6.24,Thermal Fault <300℃
1,2025-02-07,0.516,0.8,7.552,38.223,1.984,368.167,42781.423,33.93,122.76,6.2,Thermal Fault <300℃
1,2025-02-08,2.955,4.141,6.644,31.477,0.308,592.408,56831.108,38.31,167.05,5.89,Thermal Fault <300℃
1,2025-02-09,5.246,2.202,42.32,25.146,0.0,537.639,15811.984,36.51,186.54,8.88,Thermal Fault <300℃
1,2025-02-10,16.74,0.608,76.914,21.418,0.324,1117.312,11334.445,33.35,174.38,8.82,Thermal Fault <300℃
1,2025-02-11,46.218,0.673,41.405,15.313,1.162,1268.928,4110.967,35.47,182.01,7.14,Thermal Fault <300℃
1,2025-02-12,66.006,0.329,63.055,6.894,0.735,901.885,7942.805,40.48,191.77,8.96,Thermal Fault <300℃
1,2025-02-13,57.834,1.931,76.724,3.863,0.216,2095.244,25638.288,36.67,141.48,7.13,Thermal Fault <300℃
1,2025-02-14,124.884,0.466,31.542,5.517,0.618,421.169,15797.263,34.77,136.83,9.06,Thermal Fault <300℃
1,2025-02-15,203.716,0.746,21.385,8.761,0.571,946.066,17407.984,32.74,197.23,2.01,Thermal Fault <300℃
1,2025-02-16,84.516,0.0,6.364,9.875,1.067,122.866,12828.077,36.04,184.94,6.97,Thermal Fault <300℃
1,2025-02-17,40.762,0.165,2.182,21.923,2.646,247.795,10923.838,36.3,186.18,7.36,Thermal Fault <300℃
1,2025-02-18,39.211,0.922,7.232,18.878,1.072,115.727,5419.46,34.92,189.41,4.54,Thermal Fault <300℃
1,2025-02-19,46.708,2.051,2.78,24.511,0.454,112.185,5836.889,37.9,183.42,6.54,Thermal Fault <300℃
1,2025-02-20,49.39,0.524,13.452,30.408,0.584,115.973,3955.767,31.96,139.03,3.08,Thermal Fault <300℃
1,2025-02-21,142.146,0.512,5.433,153.18,1.955,95.512,2374.818,32.3,142.02,4.38,Thermal Fault <300℃
1,2025-02-22,160.42,0.0,24.979,221.574,2.542,223.418,3947.402,36.14,199.44,4.21,Thermal Fault <300℃
1,2025-02-23,108.548,1.62,16.06,35.988,0.333,218.918,2102.473,35.94,190.46,2.68,Normal
1,2025-02-24,97.587,0.816,9.939,14.249,0.744,138.058,2283.092,35.07,189.16,3.9,Normal
1,2025-02-25,52.228,0.323,4.679,2.949,0.147,344.43,2550.302,37.46,198.84,6.82,Normal
1,2025-02-26,57.691,0.148,5.108,0.696,0.0,254.96,1758.422,31.76,199.4,1.11,Normal
1,2025-02-27,39.044,0.0,1.431,0.28,0.0,120.765,2773.331,32.14,129.43,1.31,Normal
1,2025-02-28,39.135,0.0,1.009,0.0,0.0,178.639,1593.152,31.37,137.28,1.08,Normal
1,2025-03-01,37.311,0.0,0.704,0.0,0.769,295.98,645.724,35.54,176.61,9.24,Normal
1,2025-03-02,41.594,0.369,1.023,0.0,0.006,251.258,693.171,32.9,185.69,2.7,Normal
1,2025-03-03,21.39,0.005,1.582,0.0,0.673,168.981,519.717,36.92,198.6,2.2,Normal
1,2025-03-04,23.009,0.298,0.713,0.0,0.276,158.337,204.142,34.29,191.66,1.07,Normal
1,2025-03-05,40.337,0.0,0.148,0.0,0.026,119.584,199.175,35.86,187.26,3.35,Normal
1,2025-03-06,40.548,1.058,0.49,0.0,0.386,200.645,157.334,27.07,126.38,-4.43,Normal
1,2025-03-07,44.575,1.765,2.374,0.0,0.0,123.433,192.611,30.56,137.77,0.58,Normal
1,2025-03-08,20.905,1.614,1.842,0.0,0.0,205.783,511.644,32.94,169.2,-0.5,Normal
1,2025-03-09,13.524,2.303,3.63,0.0,0.06,269.517,507.008,34.04,185.41,3.77,Normal
1,2025-03-10,16.949,4.282,3.19,0.0,0.0,376.723,233.546,36.89,202.4,1.84,Normal
1,2025-03-11,32.68,2.491,1.108,0.0,0.0,520.961,183.183,33.45,205.96,-0.5,Normal
1,2025-03-12,33.996,2.066,1.239,0.0,0.0,378.221,156.801,35.81,199.16,2.53,Normal
1,2025-03-13,27.36,3.416,0.279,0.0,0.0,365.472,218.72,34.27,132.45,1.89,Normal
1,2025-03-14,32.609,3.335,0.348,0.0,0.0,329.709,296.727,32.99,131.44,4.17,Normal
1,2025-03-15,31.557,2.87,0.151,0.0,0.072,705.019,284.956,34.58,207.11,3.25,Normal
1,2025-03-16,20.128,4.406,1.335,0.0,1.046,454.594,418.839,33.79,187.72,0.12,Normal
1,2025-03-17,24.808,6.622,0.676,0.0,1.048,593.241,518.959,35.1,189.83,0.81,Normal
1,2025-03-18,15.618,5.01,0.892,0.0,0.143,893.772,308.798,33.56,182.38,-0.3,Normal
1,2025-03-19,19.194,5.72,3.292,0.0,0.0,400.746,212.924,34.87,177.15,1.26,Normal
1,2025-03-20,23.762,6.344,8.285,0.0,0.788,288.339,258.392,30.63,122.99,0.05,Normal
1,2025-03-21,22.498,4.066,3.696,0.0,1.335,383.866,433.322,31.32,147.8,0.77,Normal
1,2025-03-22,28.747,2.937,1.361,0.0,1.978,234.159,426.699,33.66,189.94,-0.67,Normal
1,2025-03-23,42.27,2.962,0.098,0.0,0.409,124.332,498.258,34.36,198.28,1.43,Normal
1,2025-03-24,50.903,2.466,0.0,0.0,2.296,160.389,462.618,36.49,210.16,3.41,Normal
1,2025-03-25,50.585,3.229,0.0,0.0,5.067,113.243,310.06,36.45,180.29,-0.1,Normal
1,2025-03-26,36.396,2.499,0.239,0.0,1.467,120.476,341.574,33.72,186.28,-1.47,Normal
